1,Frank Darabont,DIRECTOR
2,Tim Robbins,ACTOR
3,Morgan Freeman,ACTOR
4,Bob Gunton,ACTOR
5,Francis Ford Coppola,DIRECTOR
6,Marlon Brando,ACTOR
7,Al Pacino,ACTOR
8,James Caan,ACTOR
9,Christopher Nolan,DIRECTOR
10,Christian Bale,ACTOR
11,Heath Ledger,ACTOR
12,Aaron Eckhart,ACTOR
13,Robert De Niro,ACTOR
14,Robert Duvall,ACTOR
15,Sidney Lumet,DIRECTOR
16,Henry Fonda,ACTOR
17,Lee J. Cobb,ACTOR
18,Martin Balsam,ACTOR
19,Peter Jackson,DIRECTOR
20,Elijah Wood,ACTOR
21,Viggo Mortensen,ACTOR
22,Ian McKellen,ACTOR
23,Quentin Tarantino,DIRECTOR
24,John Travolta,ACTOR
25,Uma Thurman,ACTOR
26,Samuel L. Jackson,ACTOR
27,Steven Spielberg,DIRECTOR
28,Liam Neeson,ACTOR
29,Ralph Fiennes,ACTOR
30,Ben Kingsley,ACTOR
31,Leonardo DiCaprio,ACTOR
32,Joseph Gordon-Levitt,ACTOR
33,Elliot Page,ACTOR
34,David Fincher,DIRECTOR
35,Brad Pitt,ACTOR
36,Edward Norton,ACTOR
37,Meat Loaf,ACTOR
38,Orlando Bloom,ACTOR
39,Robert Zemeckis,DIRECTOR
40,Tom Hanks,ACTOR
41,Robin Wright,ACTOR
42,Gary Sinise,ACTOR
43,Sergio Leone,DIRECTOR
44,Clint Eastwood,ACTOR
45,Eli Wallach,ACTOR
46,Lee Van Cleef,ACTOR
47,Lana Wachowski,DIRECTOR
48,Lilly Wachowski,ACTOR
49,Keanu Reeves,ACTOR
50,Laurence Fishburne,ACTOR
51,Martin Scorsese,DIRECTOR
52,Ray Liotta,ACTOR
53,Joe Pesci,ACTOR
54,Irvin Kershner,DIRECTOR
55,Mark Hamill,ACTOR
56,Harrison Ford,ACTOR
57,Carrie Fisher,ACTOR
58,Milos Forman,DIRECTOR
59,Jack Nicholson,ACTOR
60,Louise Fletcher,ACTOR
61,Michael Berryman,ACTOR
62,Thomas Kail,DIRECTOR
63,Lin-Manuel Miranda,ACTOR
64,Phillipa Soo,ACTOR
65,Leslie Odom Jr.,ACTOR
66,Bong Joon Ho,DIRECTOR
67,Kang-ho Song,ACTOR
68,Lee Sun-kyun,ACTOR
69,Cho Yeo-jeong,ACTOR
70,Sudha Kongara,DIRECTOR
71,Suriya,ACTOR
72,Madhavan,ACTOR
73,Paresh Rawal,ACTOR
74,Matthew McConaughey,ACTOR
75,Anne Hathaway,ACTOR
76,Jessica Chastain,ACTOR
77,Fernando Meirelles,DIRECTOR
78,Kátia Lund,ACTOR
79,Alexandre Rodrigues,ACTOR
80,Leandro Firmino,ACTOR
81,Hayao Miyazaki,DIRECTOR
82,Daveigh Chase,ACTOR
83,Suzanne Pleshette,ACTOR
84,Miyu Irino,ACTOR
85,Matt Damon,ACTOR
86,Tom Sizemore,ACTOR
87,Michael Clarke Duncan,ACTOR
88,David Morse,ACTOR
89,Roberto Benigni,DIRECTOR
90,Roberto Benigni,ACTOR
91,Nicoletta Braschi,ACTOR
92,Giorgio Cantarini,ACTOR
93,Kevin Spacey,ACTOR
94,Jonathan Demme,DIRECTOR
95,Jodie Foster,ACTOR
96,Anthony Hopkins,ACTOR
97,Lawrence A. Bonney,ACTOR
98,George Lucas,DIRECTOR
99,Masaki Kobayashi,DIRECTOR
100,Tatsuya Nakadai,ACTOR
101,Akira Ishihama,ACTOR
102,Shima Iwashita,ACTOR
103,Akira Kurosawa,DIRECTOR
104,Toshirô Mifune,ACTOR
105,Takashi Shimura,ACTOR
106,Keiko Tsushima,ACTOR
107,Frank Capra,DIRECTOR
108,James Stewart,ACTOR
109,Donna Reed,ACTOR
110,Lionel Barrymore,ACTOR
111,Todd Phillips,DIRECTOR
112,Joaquin Phoenix,ACTOR
113,Zazie Beetz,ACTOR
114,Damien Chazelle,DIRECTOR
115,Miles Teller,ACTOR
116,J.K. Simmons,ACTOR
117,Melissa Benoist,ACTOR
118,Olivier Nakache,DIRECTOR
119,Éric Toledano,ACTOR
120,François Cluzet,ACTOR
121,Omar Sy,ACTOR
122,Hugh Jackman,ACTOR
123,Scarlett Johansson,ACTOR
124,Roman Polanski,DIRECTOR
125,Adrien Brody,ACTOR
126,Thomas Kretschmann,ACTOR
127,Frank Finlay,ACTOR
128,Ridley Scott,DIRECTOR
129,Russell Crowe,ACTOR
130,Connie Nielsen,ACTOR
131,Tony Kaye,DIRECTOR
132,Edward Furlong,ACTOR
133,Beverly D'Angelo,ACTOR
134,Bryan Singer,DIRECTOR
135,Gabriel Byrne,ACTOR
136,Chazz Palminteri,ACTOR
137,Luc Besson,DIRECTOR
138,Jean Reno,ACTOR
139,Gary Oldman,ACTOR
140,Natalie Portman,ACTOR
141,Roger Allers,DIRECTOR
142,Rob Minkoff,ACTOR
143,Matthew Broderick,ACTOR
144,Jeremy Irons,ACTOR
145,James Cameron,DIRECTOR
146,Arnold Schwarzenegger,ACTOR
147,Linda Hamilton,ACTOR
148,Giuseppe Tornatore,DIRECTOR
149,Philippe Noiret,ACTOR
150,Enzo Cannavale,ACTOR
151,Antonella Attili,ACTOR
152,Isao Takahata,DIRECTOR
153,Tsutomu Tatsumi,ACTOR
154,Ayano Shiraishi,ACTOR
155,Akemi Yamaguchi,ACTOR
156,Michael J. Fox,ACTOR
157,Christopher Lloyd,ACTOR
158,Lea Thompson,ACTOR
159,Charles Bronson,ACTOR
160,Claudia Cardinale,ACTOR
161,Alfred Hitchcock,DIRECTOR
162,Anthony Perkins,ACTOR
163,Janet Leigh,ACTOR
164,Vera Miles,ACTOR
165,Michael Curtiz,DIRECTOR
166,Humphrey Bogart,ACTOR
167,Ingrid Bergman,ACTOR
168,Paul Henreid,ACTOR
169,Charles Chaplin,DIRECTOR
170,Charles Chaplin,ACTOR
171,Paulette Goddard,ACTOR
172,Henry Bergman,ACTOR
173,Virginia Cherrill,ACTOR
174,Florence Lee,ACTOR
175,Nadine Labaki,DIRECTOR
176,Zain Al Rafeea,ACTOR
177,Yordanos Shiferaw,ACTOR
178,Boluwatife Treasure Bankole,ACTOR
179,Can Ulkay,DIRECTOR
180,Erdem Can,ACTOR
181,Çetin Tekindor,ACTOR
182,Ismail Hacioglu,ACTOR
183,Gayatri,DIRECTOR
184,Pushkar,ACTOR
185,Vijay Sethupathi,ACTOR
186,Makoto Shinkai,DIRECTOR
187,Ryûnosuke Kamiki,ACTOR
188,Mone Kamishiraishi,ACTOR
189,Ryô Narita,ACTOR
190,Nitesh Tiwari,DIRECTOR
191,Aamir Khan,ACTOR
192,Sakshi Tanwar,ACTOR
193,Fatima Sana Shaikh,ACTOR
194,Bob Persichetti,DIRECTOR
195,Peter Ramsey,ACTOR
196,Rodney Rothman,ACTOR
197,Shameik Moore,ACTOR
198,Anthony Russo,DIRECTOR
199,Joe Russo,ACTOR
200,Robert Downey Jr.,ACTOR
201,Chris Evans,ACTOR
202,Chris Hemsworth,ACTOR
203,Lee Unkrich,DIRECTOR
204,Adrian Molina,ACTOR
205,Anthony Gonzalez,ACTOR
206,Gael García Bernal,ACTOR
207,Jamie Foxx,ACTOR
208,Christoph Waltz,ACTOR
209,Tom Hardy,ACTOR
210,Rajkumar Hirani,DIRECTOR
211,Mona Singh,ACTOR
212,Aamir Khan,DIRECTOR
213,Amole Gupte,ACTOR
214,Darsheel Safary,ACTOR
215,Andrew Stanton,DIRECTOR
216,Ben Burtt,ACTOR
217,Elissa Knight,ACTOR
218,Jeff Garlin,ACTOR
219,Florian Henckel von Donnersmarck,DIRECTOR
220,Ulrich Mühe,ACTOR
221,Martina Gedeck,ACTOR
222,Sebastian Koch,ACTOR
223,Chan-wook Park,DIRECTOR
224,Choi Min-sik,ACTOR
225,Yoo Ji-Tae,ACTOR
226,Kang Hye-jeong,ACTOR
227,Guy Pearce,ACTOR
228,Carrie-Anne Moss,ACTOR
229,Joe Pantoliano,ACTOR
230,Yôji Matsuda,ACTOR
231,Yuriko Ishida,ACTOR
232,Yûko Tanaka,ACTOR
233,James Woods,ACTOR
234,Elizabeth McGovern,ACTOR
235,Karen Allen,ACTOR
236,Paul Freeman,ACTOR
237,Stanley Kubrick,DIRECTOR
238,Shelley Duvall,ACTOR
239,Danny Lloyd,ACTOR
240,Martin Sheen,ACTOR
241,Sigourney Weaver,ACTOR
242,Tom Skerritt,ACTOR
243,John Hurt,ACTOR
244,Hrishikesh Mukherjee,DIRECTOR
245,Rajesh Khanna,ACTOR
246,Amitabh Bachchan,ACTOR
247,Sumita Sanyal,ACTOR
248,Yutaka Sada,ACTOR
249,Peter Sellers,ACTOR
250,George C. Scott,ACTOR
251,Sterling Hayden,ACTOR
252,Billy Wilder,DIRECTOR
253,Tyrone Power,ACTOR
254,Marlene Dietrich,ACTOR
255,Charles Laughton,ACTOR
256,Kirk Douglas,ACTOR
257,Ralph Meeker,ACTOR
258,Adolphe Menjou,ACTOR
259,Grace Kelly,ACTOR
260,Wendell Corey,ACTOR
261,William Holden,ACTOR
262,Gloria Swanson,ACTOR
263,Erich von Stroheim,ACTOR
264,Jack Oakie,ACTOR
265,Sam Mendes,DIRECTOR
266,Dean-Charles Chapman,ACTOR
267,George MacKay,ACTOR
268,Daniel Mays,ACTOR
269,Rahi Anil Barve,DIRECTOR
270,Anand Gandhi,ACTOR
271,Adesh Prasad,ACTOR
272,Sohum Shah,ACTOR
273,Sriram Raghavan,DIRECTOR
274,Ayushmann Khurrana,ACTOR
275,Tabu,ACTOR
276,Radhika Apte,ACTOR
277,Jeethu Joseph,DIRECTOR
278,Mohanlal,ACTOR
279,Meena,ACTOR
280,Asha Sharath,ACTOR
281,Thomas Vinterberg,DIRECTOR
282,Mads Mikkelsen,ACTOR
283,Thomas Bo Larsen,ACTOR
284,Annika Wedderkopp,ACTOR
285,Asghar Farhadi,DIRECTOR
286,Payman Maadi,ACTOR
287,Leila Hatami,ACTOR
288,Sareh Bayat,ACTOR
289,Denis Villeneuve,DIRECTOR
290,Lubna Azabal,ACTOR
291,Mélissa Désormeaux-Poulin,ACTOR
292,Maxim Gaudette,ACTOR
293,Mehmet Ada Öztekin,DIRECTOR
294,Aras Bulut Iynemli,ACTOR
295,Nisa Sofiya Aksongur,ACTOR
296,Deniz Baysal,ACTOR
297,Çagan Irmak,DIRECTOR
298,Fikret Kuskan,ACTOR
299,Hümeyra,ACTOR
300,Diane Kruger,ACTOR
301,Eli Roth,ACTOR
302,Michel Gondry,DIRECTOR
303,Jim Carrey,ACTOR
304,Kate Winslet,ACTOR
305,Tom Wilkinson,ACTOR
306,Jean-Pierre Jeunet,DIRECTOR
307,Audrey Tautou,ACTOR
308,Mathieu Kassovitz,ACTOR
309,Rufus,ACTOR
310,Guy Ritchie,DIRECTOR
311,Jason Statham,ACTOR
312,Benicio Del Toro,ACTOR
313,Darren Aronofsky,DIRECTOR
314,Ellen Burstyn,ACTOR
315,Jared Leto,ACTOR
316,Jennifer Connelly,ACTOR
317,Annette Bening,ACTOR
318,Thora Birch,ACTOR
319,Gus Van Sant,DIRECTOR
320,Robin Williams,ACTOR
321,Ben Affleck,ACTOR
322,Majid Majidi,DIRECTOR
323,Mohammad Amir Naji,ACTOR
324,Amir Farrokh Hashemian,ACTOR
325,Bahare Seddiqi,ACTOR
326,John Lasseter,DIRECTOR
327,Tim Allen,ACTOR
328,Don Rickles,ACTOR
329,Mel Gibson,DIRECTOR
330,Mel Gibson,ACTOR
331,Sophie Marceau,ACTOR
332,Patrick McGoohan,ACTOR
333,Harvey Keitel,ACTOR
334,Tim Roth,ACTOR
335,Michael Madsen,ACTOR
336,Matthew Modine,ACTOR
337,R. Lee Ermey,ACTOR
338,Vincent D'Onofrio,ACTOR
339,Elem Klimov,DIRECTOR
340,Aleksey Kravchenko,ACTOR
341,Olga Mironova,ACTOR
342,Liubomiras Laucevicius,ACTOR
343,Michael Biehn,ACTOR
344,Carrie Henn,ACTOR
345,F. Murray Abraham,ACTOR
346,Tom Hulce,ACTOR
347,Elizabeth Berridge,ACTOR
348,Brian De Palma,DIRECTOR
349,Michelle Pfeiffer,ACTOR
350,Steven Bauer,ACTOR
351,Richard Marquand,DIRECTOR
352,Wolfgang Petersen,DIRECTOR
353,Jürgen Prochnow,ACTOR
354,Herbert Grönemeyer,ACTOR
355,Klaus Wennemann,ACTOR
356,Cybill Shepherd,ACTOR
357,George Roy Hill,DIRECTOR
358,Paul Newman,ACTOR
359,Robert Redford,ACTOR
360,Robert Shaw,ACTOR
361,Malcolm McDowell,ACTOR
362,Patrick Magee,ACTOR
363,Michael Bates,ACTOR
364,Keir Dullea,ACTOR
365,Gary Lockwood,ACTOR
366,William Sylvester,ACTOR
367,Gian Maria Volontè,ACTOR
368,David Lean,DIRECTOR
369,Peter O'Toole,ACTOR
370,Alec Guinness,ACTOR
371,Anthony Quinn,ACTOR
372,Jack Lemmon,ACTOR
373,Shirley MacLaine,ACTOR
374,Fred MacMurray,ACTOR
375,Cary Grant,ACTOR
376,Eva Marie Saint,ACTOR
377,James Mason,ACTOR
378,Kim Novak,ACTOR
379,Barbara Bel Geddes,ACTOR
380,Stanley Donen,DIRECTOR
381,Gene Kelly,ACTOR
382,Donald O'Connor,ACTOR
383,Nobuo Kaneko,ACTOR
384,Shin'ichi Himori,ACTOR
385,Vittorio De Sica,DIRECTOR
386,Lamberto Maggiorani,ACTOR
387,Enzo Staiola,ACTOR
388,Lianella Carell,ACTOR
389,Barbara Stanwyck,ACTOR
390,Edward G. Robinson,ACTOR
391,Orson Welles,DIRECTOR
392,Orson Welles,ACTOR
393,Joseph Cotten,ACTOR
394,Dorothy Comingore,ACTOR
395,Fritz Lang,DIRECTOR
396,Peter Lorre,ACTOR
397,Ellen Widmann,ACTOR
398,Inge Landgut,ACTOR
399,Brigitte Helm,ACTOR
400,Alfred Abel,ACTOR
401,Gustav Fröhlich,ACTOR
402,Edna Purviance,ACTOR
403,Jackie Coogan,ACTOR
404,Sushant Singh Rajput,ACTOR
405,Shraddha Kapoor,ACTOR
406,Varun Sharma,ACTOR
407,Aditya Dhar,DIRECTOR
408,Vicky Kaushal,ACTOR
409,Mohit Raina,ACTOR
410,Prashanth Neel,DIRECTOR
411,Yash,ACTOR
412,Srinidhi Shetty,ACTOR
413,Ramachandra Raju,ACTOR
414,Peter Farrelly,DIRECTOR
415,Mahershala Ali,ACTOR
416,Linda Cardellini,ACTOR
417,Martin McDonagh,DIRECTOR
418,Frances McDormand,ACTOR
419,Woody Harrelson,ACTOR
420,Sam Rockwell,ACTOR
421,Meghna Gulzar,DIRECTOR
422,Irrfan Khan,ACTOR
423,Konkona Sen Sharma,ACTOR
424,Neeraj Kabi,ACTOR
425,S.S. Rajamouli,DIRECTOR
426,Prabhas,ACTOR
427,Rana Daggubati,ACTOR
428,Anushka Shetty,ACTOR
429,Sergio Pablos,DIRECTOR
430,Carlos Martínez López,ACTOR
431,Jason Schwartzman,ACTOR
432,Nishikant Kamat,DIRECTOR
433,Ajay Devgn,ACTOR
434,Shriya Saran,ACTOR
435,Vikas Bahl,DIRECTOR
436,Kangana Ranaut,ACTOR
437,Rajkummar Rao,ACTOR
438,Lisa Haydon,ACTOR
439,Zaza Urushadze,DIRECTOR
440,Lembit Ulfsak,ACTOR
441,Elmo Nüganen,ACTOR
442,Giorgi Nakashidze,ACTOR
443,Rakeysh Omprakash Mehra,DIRECTOR
444,Farhan Akhtar,ACTOR
445,Sonam Kapoor,ACTOR
446,Pawan Malhotra,ACTOR
447,Anurag Kashyap,DIRECTOR
448,Manoj Bajpayee,ACTOR
449,Richa Chadha,ACTOR
450,Nawazuddin Siddiqui,ACTOR
451,Vikramaditya Motwane,DIRECTOR
452,Rajat Barmecha,ACTOR
453,Ronit Roy,ACTOR
454,Manjot Singh,ACTOR
455,Tigmanshu Dhulia,DIRECTOR
456,Mahie Gill,ACTOR
457,Rajesh Abhay,ACTOR
458,Juan José Campanella,DIRECTOR
459,Ricardo Darín,ACTOR
460,Soledad Villamil,ACTOR
461,Pablo Rago,ACTOR
462,Gavin O'Connor,DIRECTOR
463,Nick Nolte,ACTOR
464,Joel Edgerton,ACTOR
465,Emily Mortimer,ACTOR
466,Mark Ruffalo,ACTOR
467,Pete Docter,DIRECTOR
468,Bob Peterson,ACTOR
469,Edward Asner,ACTOR
470,Jordan Nagai,ACTOR
471,Jonah Hill,ACTOR
472,Margot Robbie,ACTOR
473,Shimit Amin,DIRECTOR
474,Shah Rukh Khan,ACTOR
475,Vidya Malvade,ACTOR
476,Sagarika Ghatge,ACTOR
477,Paul Thomas Anderson,DIRECTOR
478,Daniel Day-Lewis,ACTOR
479,Paul Dano,ACTOR
480,Ciarán Hinds,ACTOR
481,Guillermo del Toro,DIRECTOR
482,Ivana Baquero,ACTOR
483,Ariadna Gil,ACTOR
484,Sergi López,ACTOR
485,Joan Cusack,ACTOR
486,James McTeigue,DIRECTOR
487,Hugo Weaving,ACTOR
488,Rupert Graves,ACTOR
489,Soha Ali Khan,ACTOR
490,Siddharth,ACTOR
491,Sanjay Leela Bhansali,DIRECTOR
492,Rani Mukerji,ACTOR
493,Shernaz Patel,ACTOR
494,Michael Caine,ACTOR
495,Ken Watanabe,ACTOR
496,Ashutosh Gowariker,DIRECTOR
497,Gayatri Joshi,ACTOR
498,Kishori Ballal,ACTOR
499,Oliver Hirschbiegel,DIRECTOR
500,Bruno Ganz,ACTOR
501,Alexandra Maria Lara,ACTOR
502,Ulrich Matthes,ACTOR
503,Chieko Baishô,ACTOR
504,Takuya Kimura,ACTOR
505,Tatsuya Gashûin,ACTOR
506,Ron Howard,DIRECTOR
507,Ed Harris,ACTOR
508,Priyadarshan,DIRECTOR
509,Akshay Kumar,ACTOR
510,Sunil Shetty,ACTOR
511,Jason Flemyng,ACTOR
512,Dexter Fletcher,ACTOR
513,Nick Moran,ACTOR
514,Curtis Hanson,DIRECTOR
515,Yavuz Turgul,DIRECTOR
516,Sener Sen,ACTOR
517,Ugur Yücel,ACTOR
518,Sermin Hürmeriç,ACTOR
519,Michael Mann,DIRECTOR
520,Val Kilmer,ACTOR
521,Sharon Stone,ACTOR
522,Rajkumar Santoshi,DIRECTOR
523,Salman Khan,ACTOR
524,Raveena Tandon,ACTOR
525,Clint Eastwood,DIRECTOR
526,Gene Hackman,ACTOR
527,Sean Connery,ACTOR
528,Alison Doody,ACTOR
529,Emir Kusturica,DIRECTOR
530,Davor Dujmovic,ACTOR
531,Bora Todorovic,ACTOR
532,Ljubica Adzovic,ACTOR
533,Hitoshi Takagi,ACTOR
534,Noriko Hidaka,ACTOR
535,Chika Sakamoto,ACTOR
536,John McTiernan,DIRECTOR
537,Bruce Willis,ACTOR
538,Alan Rickman,ACTOR
539,Bonnie Bedelia,ACTOR
540,Akira Terao,ACTOR
541,Jinpachi Nezu,ACTOR
542,Cathy Moriarty,ACTOR
543,Andrei Tarkovsky,DIRECTOR
544,Alisa Freyndlikh,ACTOR
545,Aleksandr Kaydanovskiy,ACTOR
546,Anatoliy Solonitsyn,ACTOR
547,Ingmar Bergman,DIRECTOR
548,Liv Ullmann,ACTOR
549,Lena Nyman,ACTOR
550,Moustapha Akkad,DIRECTOR
551,Irene Papas,ACTOR
552,Michael Ansara,ACTOR
553,Ramesh Sippy,DIRECTOR
554,Sanjeev Kumar,ACTOR
555,Dharmendra,ACTOR
556,Terry Gilliam,DIRECTOR
557,Terry Jones,ACTOR
558,Graham Chapman,ACTOR
559,John Cleese,ACTOR
560,John Sturges,DIRECTOR
561,Steve McQueen,ACTOR
562,James Garner,ACTOR
563,Richard Attenborough,ACTOR
564,Robert Mulligan,DIRECTOR
565,Gregory Peck,ACTOR
566,John Megna,ACTOR
567,Frank Overton,ACTOR
568,Eijirô Tôno,ACTOR
569,Stanley Kramer,DIRECTOR
570,Spencer Tracy,ACTOR
571,Burt Lancaster,ACTOR
572,Richard Widmark,ACTOR
573,Marilyn Monroe,ACTOR
574,Tony Curtis,ACTOR
575,Victor Sjöström,ACTOR
576,Bibi Andersson,ACTOR
577,Ingrid Thulin,ACTOR
578,Max von Sydow,ACTOR
579,Gunnar Björnstrand,ACTOR
580,Bengt Ekerot,ACTOR
581,Jules Dassin,DIRECTOR
582,Jean Servais,ACTOR
583,Carl Möhner,ACTOR
584,Robert Manuel,ACTOR
585,Ray Milland,ACTOR
586,Robert Cummings,ACTOR
587,Yasujirô Ozu,DIRECTOR
588,Chishû Ryû,ACTOR
589,Chieko Higashiyama,ACTOR
590,Sô Yamamura,ACTOR
591,Machiko Kyô,ACTOR
592,Masayuki Mori,ACTOR
593,Joseph L. Mankiewicz,DIRECTOR
594,Bette Davis,ACTOR
595,Anne Baxter,ACTOR
596,George Sanders,ACTOR
597,John Huston,DIRECTOR
598,Walter Huston,ACTOR
599,Tim Holt,ACTOR
600,Ernst Lubitsch,DIRECTOR
601,Carole Lombard,ACTOR
602,Jack Benny,ACTOR
603,Robert Stack,ACTOR
604,Mack Swain,ACTOR
605,Tom Murray,ACTOR
606,Buster Keaton,DIRECTOR
607,Buster Keaton,ACTOR
608,Kathryn McGuire,ACTOR
609,Joe Keaton,ACTOR
610,Céline Sciamma,DIRECTOR
611,Noémie Merlant,ACTOR
612,Adèle Haenel,ACTOR
613,Luàna Bajrami,ACTOR
614,Aniruddha Roy Chowdhury,DIRECTOR
615,Taapsee Pannu,ACTOR
616,Kirti Kulhari,ACTOR
617,Naoko Yamada,DIRECTOR
618,Saori Hayami,ACTOR
619,Aoi Yûki,ACTOR
620,Oriol Paulo,DIRECTOR
621,Mario Casas,ACTOR
622,Ana Wagener,ACTOR
623,Jose Coronado,ACTOR
624,Kim Min-hee,ACTOR
625,Jung-woo Ha,ACTOR
626,Cho Jin-woong,ACTOR
627,Xavier Dolan,DIRECTOR
628,Anne Dorval,ACTOR
629,Antoine Olivier Pilon,ACTOR
630,Suzanne Clément,ACTOR
631,Vishal Bhardwaj,DIRECTOR
632,Shahid Kapoor,ACTOR
633,James Mangold,DIRECTOR
634,Patrick Stewart,ACTOR
635,Dafne Keen,ACTOR
636,Lenny Abrahamson,DIRECTOR
637,Brie Larson,ACTOR
638,Jacob Tremblay,ACTOR
639,Sean Bridgers,ACTOR
640,Damián Szifron,DIRECTOR
641,Darío Grandinetti,ACTOR
642,María Marull,ACTOR
643,Mónica Villa,ACTOR
644,Kemp Powers,ACTOR
645,Tina Fey,ACTOR
646,Nuri Bilge Ceylan,DIRECTOR
647,Haluk Bilginer,ACTOR
648,Melisa Sözen,ACTOR
649,Demet Akbag,ACTOR
650,Anushka Sharma,ACTOR
651,Sanjay Dutt,ACTOR
652,Umesh Shukla,DIRECTOR
653,Mithun Chakraborty,ACTOR
654,Wes Anderson,DIRECTOR
655,Mathieu Amalric,ACTOR
656,Rosamund Pike,ACTOR
657,Neil Patrick Harris,ACTOR
658,Mamoru Hosoda,DIRECTOR
659,Aoi Miyazaki,ACTOR
660,Takao Osawa,ACTOR
661,Haru Kuroki,ACTOR
662,Andrew Garfield,ACTOR
663,Sam Worthington,ACTOR
664,Luke Bracey,ACTOR
665,Ronnie Del Carmen,ACTOR
666,Amy Poehler,ACTOR
667,Bill Hader,ACTOR
668,Anurag Basu,DIRECTOR
669,Ranbir Kapoor,ACTOR
670,Priyanka Chopra,ACTOR
671,Ileana D'Cruz,ACTOR
672,Steve McQueen,DIRECTOR
673,Chiwetel Ejiofor,ACTOR
674,Michael Kenneth Williams,ACTOR
675,Michael Fassbender,ACTOR
676,Daniel Brühl,ACTOR
677,Olivia Wilde,ACTOR
678,Jon Bernthal,ACTOR
679,Tom McCarthy,DIRECTOR
680,Michael Keaton,ACTOR
681,Rachel McAdams,ACTOR
682,Tomm Moore,DIRECTOR
683,David Rawle,ACTOR
684,Brendan Gleeson,ACTOR
685,Lisa Hannigan,ACTOR
686,Sujoy Ghosh,DIRECTOR
687,Vidya Balan,ACTOR
688,Parambrata Chattopadhyay,ACTOR
689,Indraneil Sengupta,ACTOR
690,Zoya Akhtar,DIRECTOR
691,Hrithik Roshan,ACTOR
692,Abhay Deol,ACTOR
693,Jake Gyllenhaal,ACTOR
694,Viola Davis,ACTOR
695,George Miller,DIRECTOR
696,Charlize Theron,ACTOR
697,Nicholas Hoult,ACTOR
698,Neeraj Pandey,DIRECTOR
699,Anupam Kher,ACTOR
700,Naseeruddin Shah,ACTOR
701,Jimmy Sheirgill,ACTOR
702,Bee Vang,ACTOR
703,Christopher Carley,ACTOR
704,David Yates,DIRECTOR
705,Daniel Radcliffe,ACTOR
706,Emma Watson,ACTOR
707,Rupert Grint,ACTOR
708,Yôjirô Takita,DIRECTOR
709,Masahiro Motoki,ACTOR
710,Ryôko Hirosue,ACTOR
711,Tsutomu Yamazaki,ACTOR
712,Lasse Hallström,DIRECTOR
713,Richard Gere,ACTOR
714,Joan Allen,ACTOR
715,Cary-Hiroyuki Tagawa,ACTOR
716,Adam Elliot,DIRECTOR
717,Toni Collette,ACTOR
718,Philip Seymour Hoffman,ACTOR
719,Eric Bana,ACTOR
720,Dean DeBlois,DIRECTOR
721,Chris Sanders,ACTOR
722,Jay Baruchel,ACTOR
723,Gerard Butler,ACTOR
724,Sean Penn,DIRECTOR
725,Emile Hirsch,ACTOR
726,Vince Vaughn,ACTOR
727,Catherine Keener,ACTOR
728,Ethan Coen,DIRECTOR
729,Joel Coen,ACTOR
730,Tommy Lee Jones,ACTOR
731,Javier Bardem,ACTOR
732,Arshad Warsi,ACTOR
733,Hilary Swank,ACTOR
734,Terry George,DIRECTOR
735,Don Cheadle,ACTOR
736,Sophie Okonedo,ACTOR
737,Je-kyu Kang,DIRECTOR
738,Jang Dong-Gun,ACTOR
739,Won Bin,ACTOR
740,Eun-ju Lee,ACTOR
741,Richard Linklater,DIRECTOR
742,Ethan Hawke,ACTOR
743,Julie Delpy,ACTOR
744,Vernon Dobtcheff,ACTOR
745,Gracy Singh,ACTOR
746,Kim Sang-kyung,ACTOR
747,Roe-ha Kim,ACTOR
748,Farhan Akhtar,DIRECTOR
749,Saif Ali Khan,ACTOR
750,Akshaye Khanna,ACTOR
751,David Carradine,ACTOR
752,Daryl Hannah,ACTOR
753,Lee Unkrich,ACTOR
754,Albert Brooks,ACTOR
755,Ellen DeGeneres,ACTOR
756,Christopher Walken,ACTOR
757,Alejandro G. Iñárritu,DIRECTOR
758,Emilio Echevarría,ACTOR
759,Goya Toledo,ACTOR
760,David Silverman,ACTOR
761,Billy Crystal,ACTOR
762,Hideaki Anno,DIRECTOR
763,Kazuya Tsurumaki,ACTOR
764,Megumi Ogata,ACTOR
765,Megumi Hayashibara,ACTOR
766,Raghuvir Yadav,ACTOR
767,M. Night Shyamalan,DIRECTOR
768,Haley Joel Osment,ACTOR
769,Pruitt Taylor Vince,ACTOR
770,Mélanie Thierry,ACTOR
771,Peter Weir,DIRECTOR
772,Laura Linney,ACTOR
773,Bajram Severdzan,ACTOR
774,Srdjan 'Zika' Todorovic,ACTOR
775,Branka Katic,ACTOR
776,Joel Coen,DIRECTOR
777,Ethan Coen,ACTOR
778,Jeff Bridges,ACTOR
779,John Goodman,ACTOR
780,Kar-Wai Wong,DIRECTOR
781,Tony Chiu-Wai Leung,ACTOR
782,Maggie Cheung,ACTOR
783,Ping Lam Siu,ACTOR
784,Danny Boyle,DIRECTOR
785,Ewan McGregor,ACTOR
786,Ewen Bremner,ACTOR
787,Jonny Lee Miller,ACTOR
788,William H. Macy,ACTOR
789,Predrag 'Miki' Manojlovic,ACTOR
790,Lazar Ristovski,ACTOR
791,Mirjana Jokovic,ACTOR
792,Mathieu Kassovitz,DIRECTOR
793,Vincent Cassel,ACTOR
794,Hubert Koundé,ACTOR
795,Saïd Taghmaoui,ACTOR
796,Aditya Chopra,DIRECTOR
797,Kajol,ACTOR
798,Amrish Puri,ACTOR
799,Andrea Eckert,ACTOR
800,Krzysztof Kieslowski,DIRECTOR
801,Irène Jacob,ACTOR
802,Jean-Louis Trintignant,ACTOR
803,Frédérique Feder,ACTOR
804,Brigitte Lin,ACTOR
805,Takeshi Kaneshiro,ACTOR
806,Sam Neill,ACTOR
807,Laura Dern,ACTOR
808,Jeff Goldblum,ACTOR
809,Jim Sheridan,DIRECTOR
810,Pete Postlethwaite,ACTOR
811,Alison Crosbie,ACTOR
812,Kaige Chen,DIRECTOR
813,Leslie Cheung,ACTOR
814,Fengyi Zhang,ACTOR
815,Gong Li,ACTOR
816,Yimou Zhang,DIRECTOR
817,Jingwu Ma,ACTOR
818,Saifei He,ACTOR
819,Robert Sean Leonard,ACTOR
820,Rob Reiner,DIRECTOR
821,Wil Wheaton,ACTOR
822,River Phoenix,ACTOR
823,Corey Feldman,ACTOR
824,Oliver Stone,DIRECTOR
825,Charlie Sheen,ACTOR
826,Tom Berenger,ACTOR
827,Willem Dafoe,ACTOR
828,Wim Wenders,DIRECTOR
829,Harry Dean Stanton,ACTOR
830,Nastassja Kinski,ACTOR
831,Dean Stockwell,ACTOR
832,Sumi Shimamoto,ACTOR
833,Mahito Tsujimura,ACTOR
834,Hisako Kyôda,ACTOR
835,John Carpenter,DIRECTOR
836,Kurt Russell,ACTOR
837,Wilford Brimley,ACTOR
838,Keith David,ACTOR
839,Alan Parker,DIRECTOR
840,Bob Geldof,ACTOR
841,Christine Hargreaves,ACTOR
842,James Laurenson,ACTOR
843,Werner Herzog,DIRECTOR
844,Klaus Kinski,ACTOR
845,José Lewgoy,ACTOR
846,Bertil Guve,ACTOR
847,Pernilla Allwin,ACTOR
848,Kristina Adolphson,ACTOR
849,Rutger Hauer,ACTOR
850,Sean Young,ACTOR
851,David Lynch,DIRECTOR
852,Anne Bancroft,ACTOR
853,Terry Jones,DIRECTOR
854,Michael Palin,ACTOR
855,Michael Cimino,DIRECTOR
856,John Cazale,ACTOR
857,John G. Avildsen,DIRECTOR
858,Sylvester Stallone,ACTOR
859,Talia Shire,ACTOR
860,Burt Young,ACTOR
861,Faye Dunaway,ACTOR
862,Peter Finch,ACTOR
863,Ryan O'Neal,ACTOR
864,Marisa Berenson,ACTOR
865,Margarita Terekhova,ACTOR
866,Filipp Yankovskiy,ACTOR
867,Ignat Daniltsev,ACTOR
868,John Huston,ACTOR
869,Peter Bogdanovich,DIRECTOR
870,Tatum O'Neal,ACTOR
871,Madeline Kahn,ACTOR
872,Harriet Andersson,ACTOR
873,Kari Sylwan,ACTOR
874,Natalya Bondarchuk,ACTOR
875,Donatas Banionis,ACTOR
876,Jüri Järvet,ACTOR
877,Jean-Pierre Melville,DIRECTOR
878,Alain Delon,ACTOR
879,François Périer,ACTOR
880,Nathalie Delon,ACTOR
881,Stuart Rosenberg,DIRECTOR
882,George Kennedy,ACTOR
883,Strother Martin,ACTOR
884,Margaretha Krook,ACTOR
885,Ivan Lapikov,ACTOR
886,Nikolay Grinko,ACTOR
887,Gillo Pontecorvo,DIRECTOR
888,Brahim Hadjadj,ACTOR
889,Jean Martin,ACTOR
890,Yacef Saadi,ACTOR
891,Luis Buñuel,DIRECTOR
892,Silvia Pinal,ACTOR
893,Jacqueline Andere,ACTOR
894,Enrique Rambal,ACTOR
895,Robert Aldrich,DIRECTOR
896,Joan Crawford,ACTOR
897,Victor Buono,ACTOR
898,Keiju Kobayashi,ACTOR
899,John Ford,DIRECTOR
900,John Wayne,ACTOR
901,Eduard Abalov,ACTOR
902,Nikolay Burlyaev,ACTOR
903,Valentin Zubkov,ACTOR
904,Birgitta Valberg,ACTOR
905,Gunnel Lindblom,ACTOR
906,Fredric March,ACTOR
907,François Truffaut,DIRECTOR
908,Jean-Pierre Léaud,ACTOR
909,Albert Rémy,ACTOR
910,Claire Maurier,ACTOR
911,William Wyler,DIRECTOR
912,Charlton Heston,ACTOR
913,Jack Hawkins,ACTOR
914,Stephen Boyd,ACTOR
915,Misa Uehara,ACTOR
916,Minoru Chiaki,ACTOR
917,Federico Fellini,DIRECTOR
918,Giulietta Masina,ACTOR
919,Franca Marzi,ACTOR
920,Isuzu Yamada,ACTOR
921,Elia Kazan,DIRECTOR
922,Karl Malden,ACTOR
923,Henri-Georges Clouzot,DIRECTOR
924,Yves Montand,ACTOR
925,Charles Vanel,ACTOR
926,Peter van Eyck,ACTOR
927,Jan Sterling,ACTOR
928,Robert Arthur,ACTOR
929,Raoul Walsh,DIRECTOR
930,James Cagney,ACTOR
931,Virginia Mayo,ACTOR
932,Edmond O'Brien,ACTOR
933,Carol Reed,DIRECTOR
934,Alida Valli,ACTOR
935,Michael Powell,DIRECTOR
936,Emeric Pressburger,ACTOR
937,Anton Walbrook,ACTOR
938,Marius Goring,ACTOR
939,Margaret Sullavan,ACTOR
940,Frank Morgan,ACTOR
941,Laurence Olivier,ACTOR
942,Joan Fontaine,ACTOR
943,Jean Arthur,ACTOR
944,Claude Rains,ACTOR
945,Victor Fleming,DIRECTOR
946,George Cukor,ACTOR
947,Sam Wood,ACTOR
948,Clark Gable,ACTOR
949,Jean Renoir,DIRECTOR
950,Jean Gabin,ACTOR
951,Dita Parlo,ACTOR
952,Pierre Fresnay,ACTOR
953,Claudette Colbert,ACTOR
954,Walter Connolly,ACTOR
955,Carl Theodor Dreyer,DIRECTOR
956,Maria Falconetti,ACTOR
957,Eugene Silvain,ACTOR
958,André Berley,ACTOR
959,Merna Kennedy,ACTOR
960,Al Ernest Garcia,ACTOR
961,F.W. Murnau,DIRECTOR
962,George O'Brien,ACTOR
963,Janet Gaynor,ACTOR
964,Margaret Livingston,ACTOR
965,Clyde Bruckman,DIRECTOR
966,Marion Mack,ACTOR
967,Robert Wiene,DIRECTOR
968,Werner Krauss,ACTOR
969,Conrad Veidt,ACTOR
970,Friedrich Feher,ACTOR
971,Amit Ravindernath Sharma,DIRECTOR
972,Neena Gupta,ACTOR
973,Gajraj Rao,ACTOR
974,Ericson Core,DIRECTOR
975,Julianne Nicholson,ACTOR
976,Christopher Heyerdahl,ACTOR
977,Raja Menon,DIRECTOR
978,Nimrat Kaur,ACTOR
979,Kumud Mishra,ACTOR
980,Kabir Khan,DIRECTOR
981,Harshaali Malhotra,ACTOR
982,Danny Denzongpa,ACTOR
983,Ryan Gosling,ACTOR
984,Emma Stone,ACTOR
985,Rosemarie DeWitt,ACTOR
986,Garth Davis,DIRECTOR
987,Dev Patel,ACTOR
988,Nicole Kidman,ACTOR
989,Rooney Mara,ACTOR
990,Kristen Wiig,ACTOR
991,Byron Howard,DIRECTOR
992,Rich Moore,ACTOR
993,Jared Bush,ACTOR
994,Ginnifer Goodwin,ACTOR
995,Ramya Krishnan,ACTOR
996,Chloë Grace Moretz,ACTOR
997,Mary Steenburgen,ACTOR
998,Stephen Chbosky,DIRECTOR
999,Owen Wilson,ACTOR
1000,Izabela Vidovic,ACTOR
1001,Vijay Varma,ACTOR
1002,Nakul Roshan Sahdev,ACTOR
1003,Ranveer Singh,ACTOR
1004,Destin Daniel Cretton,DIRECTOR
1005,Frantz Turner,ACTOR
1006,John Gallagher Jr.,ACTOR
1007,Gareth Evans,DIRECTOR
1008,Iko Uwais,ACTOR
1009,Yayan Ruhian,ACTOR
1010,Arifin Putra,ACTOR
1011,Morten Tyldum,DIRECTOR
1012,Benedict Cumberbatch,ACTOR
1013,Keira Knightley,ACTOR
1014,Matthew Goode,ACTOR
1015,James Gunn,DIRECTOR
1016,Chris Pratt,ACTOR
1017,Vin Diesel,ACTOR
1018,Bradley Cooper,ACTOR
1019,Ana de Armas,ACTOR
1020,Spike Jonze,DIRECTOR
1021,Amy Adams,ACTOR
1022,Rami Malek,ACTOR
1023,Lucy Boynton,ACTOR
1024,Gwilym Lee,ACTOR
1025,Will Poulter,ACTOR
1026,Logan Lerman,ACTOR
1027,Ezra Miller,ACTOR
1028,José Padilha,DIRECTOR
1029,Wagner Moura,ACTOR
1030,Irandhir Santos,ACTOR
1031,André Ramiro,ACTOR
1032,Tom Hooper,DIRECTOR
1033,Colin Firth,ACTOR
1034,Geoffrey Rush,ACTOR
1035,Helena Bonham Carter,ACTOR
1036,Tate Taylor,DIRECTOR
1037,Octavia Spencer,ACTOR
1038,Tim Miller,DIRECTOR
1039,Ryan Reynolds,ACTOR
1040,Morena Baccarin,ACTOR
1041,T.J. Miller,ACTOR
1042,Golshifteh Farahani,ACTOR
1043,Shahab Hosseini,ACTOR
1044,Taraneh Alidoosti,ACTOR
1045,Kalki Koechlin,ACTOR
1046,Wilson Yip,DIRECTOR
1047,Donnie Yen,ACTOR
1048,Simon Yam,ACTOR
1049,Siu-Wong Fan,ACTOR
1050,Karan Johar,DIRECTOR
1051,Sheetal Menon,ACTOR
1052,Levent Semerci,DIRECTOR
1053,Mete Horozoglu,ACTOR
1054,Ilker Kizmaz,ACTOR
1055,Loveleen Tandan,ACTOR
1056,Freida Pinto,ACTOR
1057,Mila Kunis,ACTOR
1058,Caio Junqueira,ACTOR
1059,Joss Whedon,DIRECTOR
1060,Vincent Paronnaud,DIRECTOR
1061,Marjane Satrapi,ACTOR
1062,Chiara Mastroianni,ACTOR
1063,Catherine Deneuve,ACTOR
1064,Jean-Marc Vallée,DIRECTOR
1065,Jennifer Garner,ACTOR
1066,Gabriele Muccino,DIRECTOR
1067,Will Smith,ACTOR
1068,Thandie Newton,ACTOR
1069,Jaden Smith,ACTOR
1070,Edward Zwick,DIRECTOR
1071,Djimon Hounsou,ACTOR
1072,Paul Greengrass,DIRECTOR
1073,Edgar Ramírez,ACTOR
1074,Ki-duk Kim,DIRECTOR
1075,Seung-Yun Lee,ACTOR
1076,Hee Jae,ACTOR
1077,Hyuk-ho Kwon,ACTOR
1078,Frank Miller,DIRECTOR
1079,Quentin Tarantino,ACTOR
1080,Robert Rodriguez,ACTOR
1081,Mickey Rourke,ACTOR
1082,Julian Schnabel,DIRECTOR
1083,Laura Obiols,ACTOR
1084,Emmanuelle Seigner,ACTOR
1085,Ömer Faruk Sorak,DIRECTOR
1086,Cem Yilmaz,ACTOR
1087,Özge Özberk,ACTOR
1088,Ozan Güven,ACTOR
1089,Brad Bird,DIRECTOR
1090,Jan Pinkava,ACTOR
1091,Brad Garrett,ACTOR
1092,Lou Romano,ACTOR
1093,Martin Campbell,DIRECTOR
1094,Daniel Craig,ACTOR
1095,Eva Green,ACTOR
1096,Judi Dench,ACTOR
1097,Andrey Zvyagintsev,DIRECTOR
1098,Vladimir Garin,ACTOR
1099,Ivan Dobronravov,ACTOR
1100,Konstantin Lavronenko,ACTOR
1101,Ki-duk Kim,ACTOR
1102,Yeong-su Oh,ACTOR
1103,Jong-ho Kim,ACTOR
1104,Alejandro Amenábar,DIRECTOR
1105,Belén Rueda,ACTOR
1106,Lola Dueñas,ACTOR
1107,Renée Zellweger,ACTOR
1108,Craig Bierko,ACTOR
1109,Nikkhil Advani,DIRECTOR
1110,Preity Zinta,ACTOR
1111,Andrew Lau,DIRECTOR
1112,Alan Mak,ACTOR
1113,Andy Lau,ACTOR
1114,Gore Verbinski,DIRECTOR
1115,Johnny Depp,ACTOR
1116,Tim Burton,DIRECTOR
1117,Albert Finney,ACTOR
1118,Billy Crudup,ACTOR
1119,Craig T. Nelson,ACTOR
1120,Holly Hunter,ACTOR
1121,Jae-young Kwak,DIRECTOR
1122,Tae-Hyun Cha,ACTOR
1123,Jun Ji-Hyun,ACTOR
1124,In-mun Kim,ACTOR
1125,Lars von Trier,DIRECTOR
1126,Paul Bettany,ACTOR
1127,Lauren Bacall,ACTOR
1128,Yilmaz Erdogan,DIRECTOR
1129,Ömer Faruk Sorak,ACTOR
1130,Yilmaz Erdogan,ACTOR
1131,Richard Kelly,DIRECTOR
1132,Jena Malone,ACTOR
1133,Mary McDonnell,ACTOR
1134,Tom Cruise,ACTOR
1135,Jason Robards,ACTOR
1136,Julianne Moore,ACTOR
1137,Björk,ACTOR
1138,Richard Farnsworth,ACTOR
1139,Sissy Spacek,ACTOR
1140,Jane Galloway Heitz,ACTOR
1141,Satoshi Kon,DIRECTOR
1142,Junko Iwao,ACTOR
1143,Rica Matsumoto,ACTOR
1144,Shinpachi Tsuji,ACTOR
1145,Ulrich Thomsen,ACTOR
1146,Henning Moritzen,ACTOR
1147,Walter Salles,DIRECTOR
1148,Fernanda Montenegro,ACTOR
1149,Vinícius de Oliveira,ACTOR
1150,Marília Pêra,ACTOR
1151,Eli Marienthal,ACTOR
1152,Harry Connick Jr.,ACTOR
1153,Jennifer Aniston,ACTOR
1154,Thomas Jahn,DIRECTOR
1155,Til Schweiger,ACTOR
1156,Jan Josef Liefers,ACTOR
1157,Thierry van Werveke,ACTOR
1158,Billy Bob Thornton,DIRECTOR
1159,Billy Bob Thornton,ACTOR
1160,Dwight Yoakam,ACTOR
1161,J.T. Walsh,ACTOR
1162,Mike Leigh,DIRECTOR
1163,Timothy Spall,ACTOR
1164,Brenda Blethyn,ACTOR
1165,Phyllis Logan,ACTOR
1166,Madeleine Stowe,ACTOR
1167,Mamoru Oshii,DIRECTOR
1168,Atsuko Tanaka,ACTOR
1169,Iemasa Kayumi,ACTOR
1170,Akio Ôtsuka,ACTOR
1171,Henry Selick,DIRECTOR
1172,Danny Elfman,ACTOR
1173,Chris Sarandon,ACTOR
1174,Catherine O'Hara,ACTOR
1175,Harold Ramis,DIRECTOR
1176,Bill Murray,ACTOR
1177,Andie MacDowell,ACTOR
1178,Chris Elliott,ACTOR
1179,Taylor Hackford,DIRECTOR
1180,Damian Chapa,ACTOR
1181,Jesse Borrego,ACTOR
1182,Benjamin Bratt,ACTOR
1183,Martin Brest,DIRECTOR
1184,Chris O'Donnell,ACTOR
1185,James Rebhorn,ACTOR
1186,Ron Clements,DIRECTOR
1187,John Musker,ACTOR
1188,Scott Weinger,ACTOR
1189,Kevin Costner,ACTOR
1190,Gary Trousdale,DIRECTOR
1191,Kirk Wise,ACTOR
1192,Paige O'Hara,ACTOR
1193,Robby Benson,ACTOR
1194,Kevin Costner,DIRECTOR
1195,Graham Greene,ACTOR
1196,Spike Lee,DIRECTOR
1197,Danny Aiello,ACTOR
1198,Ossie Davis,ACTOR
1199,Ruby Dee,ACTOR
1200,Barry Levinson,DIRECTOR
1201,Dustin Hoffman,ACTOR
1202,Valeria Golino,ACTOR
1203,Katsuhiro Ôtomo,DIRECTOR
1204,Mitsuo Iwata,ACTOR
1205,Nozomu Sasaki,ACTOR
1206,Mami Koyama,ACTOR
1207,Cary Elwes,ACTOR
1208,Mandy Patinkin,ACTOR
1209,Solveig Dommartin,ACTOR
1210,Otto Sander,ACTOR
1211,Louis Malle,DIRECTOR
1212,Gaspard Manesse,ACTOR
1213,Raphael Fejtö,ACTOR
1214,Francine Racette,ACTOR
1215,Mayumi Tanaka,ACTOR
1216,Keiko Yokozawa,ACTOR
1217,Kotoe Hatsui,ACTOR
1218,Richard Attenborough,DIRECTOR
1219,John Gielgud,ACTOR
1220,Rohini Hattangadi,ACTOR
1221,Ken'ichi Hagiwara,ACTOR
1222,Hal Ashby,DIRECTOR
1223,Melvyn Douglas,ACTOR
1224,Woody Allen,DIRECTOR
1225,Woody Allen,ACTOR
1226,Diane Keaton,ACTOR
1227,Tony Roberts,ACTOR
1228,Roy Scheider,ACTOR
1229,Richard Dreyfuss,ACTOR
1230,Penelope Allen,ACTOR
1231,Mel Brooks,DIRECTOR
1232,Gene Wilder,ACTOR
1233,Marty Feldman,ACTOR
1234,Franklin J. Schaffner,DIRECTOR
1235,Victor Jory,ACTOR
1236,William Friedkin,DIRECTOR
1237,Linda Blair,ACTOR
1238,Alec Cawthorne,ACTOR
1239,Timothy Bottoms,ACTOR
1240,Norman Jewison,DIRECTOR
1241,Topol,ACTOR
1242,Norma Crane,ACTOR
1243,Leonard Frey,ACTOR
1244,Bernardo Bertolucci,DIRECTOR
1245,Stefania Sandrelli,ACTOR
1246,Gastone Moschin,ACTOR
1247,Katharine Ross,ACTOR
1248,Mia Farrow,ACTOR
1249,John Cassavetes,ACTOR
1250,Ruth Gordon,ACTOR
1251,Roddy McDowall,ACTOR
1252,Kim Hunter,ACTOR
1253,Mike Nichols,DIRECTOR
1254,Elizabeth Taylor,ACTOR
1255,Richard Burton,ACTOR
1256,George Segal,ACTOR
1257,Robert Wise,DIRECTOR
1258,Julie Andrews,ACTOR
1259,Christopher Plummer,ACTOR
1260,Eleanor Parker,ACTOR
1261,Omar Sharif,ACTOR
1262,Julie Christie,ACTOR
1263,Geraldine Chaplin,ACTOR
1264,Marianne Koch,ACTOR
1265,Marcello Mastroianni,ACTOR
1266,Anouk Aimée,ACTOR
1267,Jean-Luc Godard,DIRECTOR
1268,Anna Karina,ACTOR
1269,Sady Rebbot,ACTOR
1270,André S. Labarthe,ACTOR
1271,Robert Rossen,DIRECTOR
1272,Jackie Gleason,ACTOR
1273,Piper Laurie,ACTOR
1274,Anita Ekberg,ACTOR
1275,Howard Hawks,DIRECTOR
1276,Dean Martin,ACTOR
1277,Ricky Nelson,ACTOR
1278,Otto Preminger,DIRECTOR
1279,Lee Remick,ACTOR
1280,Ben Gazzara,ACTOR
1281,Richard Brooks,DIRECTOR
1282,Burl Ives,ACTOR
1283,Alexander Mackendrick,DIRECTOR
1284,Susan Harrison,ACTOR
1285,Coleen Gray,ACTOR
1286,Vince Edwards,ACTOR
1287,Charles Laughton,DIRECTOR
1288,Robert Mitchum,ACTOR
1289,Shelley Winters,ACTOR
1290,Lillian Gish,ACTOR
1291,Richard Basehart,ACTOR
1292,Simone Signoret,ACTOR
1293,Véra Clouzot,ACTOR
1294,Paul Meurisse,ACTOR
1295,Don Taylor,ACTOR
1296,Otto Preminger,ACTOR
1297,Audrey Hepburn,ACTOR
1298,Eddie Albert,ACTOR
1299,Vivien Leigh,ACTOR
1300,Nicholas Ray,DIRECTOR
1301,Gloria Grahame,ACTOR
1302,Frank Lovejoy,ACTOR
1303,Robert Hamer,DIRECTOR
1304,Dennis Price,ACTOR
1305,Valerie Hobson,ACTOR
1306,John Dall,ACTOR
1307,Farley Granger,ACTOR
1308,Jacques Tourneur,DIRECTOR
1309,Jane Greer,ACTOR
1310,Celia Johnson,ACTOR
1311,Trevor Howard,ACTOR
1312,Stanley Holloway,ACTOR
1313,Gene Tierney,ACTOR
1314,Dana Andrews,ACTOR
1315,Clifton Webb,ACTOR
1316,Myrna Loy,ACTOR
1317,Priscilla Lane,ACTOR
1318,Raymond Massey,ACTOR
1319,Mary Astor,ACTOR
1320,Gladys George,ACTOR
1321,Jane Darwell,ACTOR
1322,John Carradine,ACTOR
1323,Mervyn LeRoy,ACTOR
1324,Norman Taurog,ACTOR
1325,Marcel Dalio,ACTOR
1326,Nora Gregor,ACTOR
1327,Paulette Dubost,ACTOR
1328,W.S. Van Dyke,DIRECTOR
1329,William Powell,ACTOR
1330,Maureen O'Sullivan,ACTOR
1331,Lewis Milestone,DIRECTOR
1332,Lew Ayres,ACTOR
1333,Louis Wolheim,ACTOR
1334,John Wray,ACTOR
1335,Sergei M. Eisenstein,DIRECTOR
1336,Aleksandr Antonov,ACTOR
1337,Vladimir Barskiy,ACTOR
1338,Grigoriy Aleksandrov,ACTOR
1339,Rian Johnson,DIRECTOR
1340,Mukesh Chhabra,DIRECTOR
1341,Sanjana Sanghi,ACTOR
1342,Sahil Vaid,ACTOR
1343,Hirokazu Koreeda,DIRECTOR
1344,Lily Franky,ACTOR
1345,Sakura Andô,ACTOR
1346,Kirin Kiki,ACTOR
1347,Noah Baumbach,DIRECTOR
1348,Adam Driver,ACTOR
1349,Julia Greer,ACTOR
1350,Luca Guadagnino,DIRECTOR
1351,Armie Hammer,ACTOR
1352,Timothée Chalamet,ACTOR
1353,Michael Stuhlbarg,ACTOR
1354,Ken Loach,DIRECTOR
1355,Dave Johns,ACTOR
1356,Hayley Squires,ACTOR
1357,Bryan Cranston,ACTOR
1358,Koyu Rankin,ACTOR
1359,Taika Waititi,DIRECTOR
1360,Julian Dennison,ACTOR
1361,Rima Te Wiata,ACTOR
1362,Matt Ross,DIRECTOR
1363,Samantha Isler,ACTOR
1364,John Carney,DIRECTOR
1365,Ferdia Walsh-Peelo,ACTOR
1366,Aidan Gillen,ACTOR
1367,Maria Doyle Kennedy,ACTOR
1368,Tom Hiddleston,ACTOR
1369,Cate Blanchett,ACTOR
1370,Dan Gilroy,DIRECTOR
1371,Rene Russo,ACTOR
1372,Bill Paxton,ACTOR
1373,Roman Griffin Davis,ACTOR
1374,Thomasin McKenzie,ACTOR
1375,Jeremy Renner,ACTOR
1376,Forest Whitaker,ACTOR
1377,J.J. Abrams,DIRECTOR
1378,Daisy Ridley,ACTOR
1379,John Boyega,ACTOR
1380,Oscar Isaac,ACTOR
1381,Seamus Davey-Fitzpatrick,ACTOR
1382,Muhammet Uzuner,ACTOR
1383,Taner Birsel,ACTOR
1384,Michel Hazanavicius,DIRECTOR
1385,Jean Dujardin,ACTOR
1386,Bérénice Bejo,ACTOR
1387,Doug Liman,DIRECTOR
1388,Emily Blunt,ACTOR
1389,Michael Haneke,DIRECTOR
1390,Emmanuelle Riva,ACTOR
1391,Isabelle Huppert,ACTOR
1392,Jacques Audiard,DIRECTOR
1393,Tahar Rahim,ACTOR
1394,Niels Arestrup,ACTOR
1395,Adel Bencherif,ACTOR
1396,Duncan Jones,DIRECTOR
1397,Dominique McElligott,ACTOR
1398,Tomas Alfredson,DIRECTOR
1399,Kåre Hedebrant,ACTOR
1400,Lina Leandersson,ACTOR
1401,Per Ragnar,ACTOR
1402,Neill Blomkamp,DIRECTOR
1403,Sharlto Copley,ACTOR
1404,David James,ACTOR
1405,Jason Cope,ACTOR
1406,Marisa Tomei,ACTOR
1407,Evan Rachel Wood,ACTOR
1408,Imtiaz Ali,DIRECTOR
1409,Kareena Kapoor,ACTOR
1410,Tarun Arora,ACTOR
1411,Ellar Coltrane,ACTOR
1412,Patricia Arquette,ACTOR
1413,Cristian Mungiu,DIRECTOR
1414,Anamaria Marinca,ACTOR
1415,Laura Vasiliu,ACTOR
1416,Vlad Ivanov,ACTOR
1417,Chris Pine,ACTOR
1418,Zachary Quinto,ACTOR
1419,Simon Pegg,ACTOR
1420,Colin Farrell,ACTOR
1421,Richard Schenkman,DIRECTOR
1422,David Lee Smith,ACTOR
1423,Tony Todd,ACTOR
1424,John Billingsley,ACTOR
1425,Kazunari Ninomiya,ACTOR
1426,Tsuyoshi Ihara,ACTOR
1427,Tarsem Singh,DIRECTOR
1428,Lee Pace,ACTOR
1429,Catinca Untaru,ACTOR
1430,Justine Waddell,ACTOR
1431,Ang Lee,DIRECTOR
1432,Suraj Sharma,ACTOR
1433,Adil Hussain,ACTOR
1434,George Clooney,ACTOR
1435,Meryl Streep,ACTOR
1436,Michel Côté,ACTOR
1437,Marc-André Grondin,ACTOR
1438,Danielle Proulx,ACTOR
1439,Christophe Barratier,DIRECTOR
1440,Gérard Jugnot,ACTOR
1441,François Berléand,ACTOR
1442,Jean-Baptiste Maunier,ACTOR
1443,Jon Favreau,DIRECTOR
1444,Gwyneth Paltrow,ACTOR
1445,Terrence Howard,ACTOR
1446,Edgar Wright,DIRECTOR
1447,Nick Frost,ACTOR
1448,Kate Ashfield,ACTOR
1449,Fatih Akin,DIRECTOR
1450,Birol Ünel,ACTOR
1451,Sibel Kekilli,ACTOR
1452,Güven Kiraç,ACTOR
1453,Sean Penn,ACTOR
1454,Kevin Bacon,ACTOR
1455,Alfonso Cuarón,DIRECTOR
1456,Jet Li,ACTOR
1457,Pedro Almodóvar,DIRECTOR
1458,Rosario Flores,ACTOR
1459,Javier Cámara,ACTOR
1460,Danis Tanovic,DIRECTOR
1461,Branko Djuric,ACTOR
1462,Rene Bitorajac,ACTOR
1463,Filip Sovagovic,ACTOR
1464,Shin'ichirô Watanabe,DIRECTOR
1465,Tensai Okamura,ACTOR
1466,Hiroyuki Okiura,ACTOR
1467,Yoshiyuki Takei,ACTOR
1468,Franka Potente,ACTOR
1469,Chris Cooper,ACTOR
1470,Fabián Bielinsky,DIRECTOR
1471,Gastón Pauls,ACTOR
1472,Graciela Tenenbaum,ACTOR
1473,Clive Owen,ACTOR
1474,Cameron Crowe,DIRECTOR
1475,Patrick Fugit,ACTOR
1476,Kate Hudson,ACTOR
1477,Naomi Watts,ACTOR
1478,Laura Harring,ACTOR
1479,Justin Theroux,ACTOR
1480,Ash Brannon,ACTOR
1481,Mark Wahlberg,ACTOR
1482,Burt Reynolds,ACTOR
1483,Yoshifumi Kondô,DIRECTOR
1484,Yoko Honna,ACTOR
1485,Issey Takahashi,ACTOR
1486,Takashi Tachibana,ACTOR
1487,Lee Tamahori,DIRECTOR
1488,Rena Owen,ACTOR
1489,Temuera Morrison,ACTOR
1490,Mamaengaroa Kerr-Bell,ACTOR
1491,Tony Scott,DIRECTOR
1492,Christian Slater,ACTOR
1493,Dennis Hopper,ACTOR
1494,Juliette Binoche,ACTOR
1495,Zbigniew Zamachowski,ACTOR
1496,Yoshiaki Kawajiri,DIRECTOR
1497,Kôichi Yamadera,ACTOR
1498,Emi Shinohara,ACTOR
1499,Takeshi Aono,ACTOR
1500,Penelope Ann Miller,ACTOR
1501,Winona Ryder,ACTOR
1502,Dianne Wiest,ACTOR
1503,Brenda Fricker,ACTOR
1504,Alison Whelan,ACTOR
1505,Martin Landau,ACTOR
1506,Bill Bernstein,ACTOR
1507,Jonathan Pryce,ACTOR
1508,Kim Greist,ACTOR
1509,Rob Reiner,ACTOR
1510,Michael McKean,ACTOR
1511,Christopher Guest,ACTOR
1512,Bob Clark,DIRECTOR
1513,Peter Billingsley,ACTOR
1514,Melinda Dillon,ACTOR
1515,Darren McGavin,ACTOR
1516,John Landis,DIRECTOR
1517,John Belushi,ACTOR
1518,Dan Aykroyd,ACTOR
1519,Cab Calloway,ACTOR
1520,Mariel Hemingway,ACTOR
1521,Bob Fosse,DIRECTOR
1522,Jessica Lange,ACTOR
1523,Ann Reinking,ACTOR
1524,George A. Romero,DIRECTOR
1525,David Emge,ACTOR
1526,Ken Foree,ACTOR
1527,Scott H. Reiniger,ACTOR
1528,Alan J. Pakula,DIRECTOR
1529,Jack Warden,ACTOR
1530,Alejandro Jodorowsky,DIRECTOR
1531,Alejandro Jodorowsky,ACTOR
1532,Horacio Salinas,ACTOR
1533,Zamira Saunders,ACTOR
1534,Magali Noël,ACTOR
1535,Bruno Zanin,ACTOR
1536,Pupella Maggio,ACTOR
1537,Fernando Rey,ACTOR
1538,Delphine Seyrig,ACTOR
1539,Paul Frankeur,ACTOR
1540,Ruy Guerra,ACTOR
1541,Helena Rojo,ACTOR
1542,Bud Cort,ACTOR
1543,Vivian Pickles,ACTOR
1544,Stephen Young,ACTOR
1545,Sam Peckinpah,DIRECTOR
1546,Ernest Borgnine,ACTOR
1547,Robert Ryan,ACTOR
1548,Duane Jones,ACTOR
1549,Judith O'Dea,ACTOR
1550,Karl Hardman,ACTOR
1551,Anthony Harvey,DIRECTOR
1552,Katharine Hepburn,ACTOR
1553,Sidney Poitier,ACTOR
1554,Rod Steiger,ACTOR
1555,Warren Oates,ACTOR
1556,Walter Matthau,ACTOR
1557,John Frankenheimer,DIRECTOR
1558,Frank Sinatra,ACTOR
1559,Laurence Harvey,ACTOR
1560,Jean Simmons,ACTOR
1561,Michelangelo Antonioni,DIRECTOR
1562,Gabriele Ferzetti,ACTOR
1563,Monica Vitti,ACTOR
1564,Lea Massari,ACTOR
1565,Alain Resnais,DIRECTOR
1566,Eiji Okada,ACTOR
1567,Stella Dassas,ACTOR
1568,Cecil B. DeMille,DIRECTOR
1569,Yul Brynner,ACTOR
1570,Jeffrey Hunter,ACTOR
1571,James Dean,ACTOR
1572,Julie Harris,ACTOR
1573,Fred Zinnemann,DIRECTOR
1574,Gary Cooper,ACTOR
1575,Thomas Mitchell,ACTOR
1576,Robert Walker,ACTOR
1577,Ruth Roman,ACTOR
1578,Henry Koster,DIRECTOR
1579,Wallace Ford,ACTOR
1580,William H. Lynn,ACTOR
1581,George Seaton,DIRECTOR
1582,Edmund Gwenn,ACTOR
1583,Maureen O'Hara,ACTOR
1584,John Payne,ACTOR
1585,John Ridgely,ACTOR
1586,Jane Wyman,ACTOR
1587,Phillip Terry,ACTOR
1588,George Cukor,DIRECTOR
1589,Rosalind Russell,ACTOR
1590,Ralph Bellamy,ACTOR
1591,William Keighley,ACTOR
1592,Errol Flynn,ACTOR
1593,Olivia de Havilland,ACTOR
1594,Sam Wood,DIRECTOR
1595,Edmund Goulding,ACTOR
1596,Groucho Marx,ACTOR
1597,Chico Marx,ACTOR
1598,Merian C. Cooper,DIRECTOR
1599,Ernest B. Schoedsack,ACTOR
1600,Fay Wray,ACTOR
1601,Robert Armstrong,ACTOR
1602,Tod Browning,DIRECTOR
1603,Leila Hyams,ACTOR
1604,Olga Baclanova,ACTOR
1605,Max Schreck,ACTOR
1606,Alexander Granach,ACTOR
1607,Gustav von Wangenheim,ACTOR
1608,Charlie Hunnam,ACTOR
1609,Michelle Dockery,ACTOR
1610,Alia Bhatt,ACTOR
1611,Rajit Kapoor,ACTOR
1612,Darius Marder,DIRECTOR
1613,Riz Ahmed,ACTOR
1614,Olivia Cooke,ACTOR
1615,Paul Raci,ACTOR
1616,Babak Karimi,ACTOR
1617,Fionn Whitehead,ACTOR
1618,Barry Keoghan,ACTOR
1619,Mark Rylance,ACTOR
1620,Paolo Genovese,DIRECTOR
1621,Giuseppe Battiston,ACTOR
1622,Anna Foglietta,ACTOR
1623,Marco Giallini,ACTOR
1624,Theodore Melfi,DIRECTOR
1625,Taraji P. Henson,ACTOR
1626,Janelle Monáe,ACTOR
1627,Paul King,DIRECTOR
1628,Ben Whishaw,ACTOR
1629,Hugh Grant,ACTOR
1630,Hugh Bonneville,ACTOR
1631,Abhishek Chaubey,DIRECTOR
1632,Travis Knight,DIRECTOR
1633,Art Parkinson,ACTOR
1634,Kiara Advani,ACTOR
1635,Kenneth Lonergan,DIRECTOR
1636,Casey Affleck,ACTOR
1637,Michelle Williams,ACTOR
1638,Kyle Chandler,ACTOR
1639,Martin Zandvliet,DIRECTOR
1640,Roland Møller,ACTOR
1641,Louis Hofmann,ACTOR
1642,Joel Basman,ACTOR
1643,Gareth Edwards,DIRECTOR
1644,Felicity Jones,ACTOR
1645,Diego Luna,ACTOR
1646,Alan Tudyk,ACTOR
1647,Jennifer Jason Leigh,ACTOR
1648,Greta Gerwig,DIRECTOR
1649,Saoirse Ronan,ACTOR
1650,Florence Pugh,ACTOR
1651,Dorota Kobiela,DIRECTOR
1652,Hugh Welchman,ACTOR
1653,Douglas Booth,ACTOR
1654,Jerome Flynn,ACTOR
1655,Matthew Warchus,DIRECTOR
1656,Bill Nighy,ACTOR
1657,Imelda Staunton,ACTOR
1658,Dominic West,ACTOR
1659,Ali Mosaffa,ACTOR
1660,Paolo Sorrentino,DIRECTOR
1661,Toni Servillo,ACTOR
1662,Carlo Verdone,ACTOR
1663,Sabrina Ferilli,ACTOR
1664,Ritesh Batra,DIRECTOR
1665,Shoojit Sircar,DIRECTOR
1666,Yami Gautam,ACTOR
1667,Annu Kapoor,ACTOR
1668,Don Hall,DIRECTOR
1669,Chris Williams,ACTOR
1670,Ryan Potter,ACTOR
1671,Scott Adsit,ACTOR
1672,Richard Curtis,DIRECTOR
1673,Domhnall Gleeson,ACTOR
1674,Gauri Shinde,DIRECTOR
1675,Sridevi,ACTOR
1676,Mehdi Nebbou,ACTOR
1677,Hideaki Anno,ACTOR
1678,Hidetoshi Nishijima,ACTOR
1679,Miori Takimoto,ACTOR
1680,Josh Cooley,DIRECTOR
1681,Annie Potts,ACTOR
1682,Jim Sturgess,ACTOR
1683,Sylvia Hoeks,ACTOR
1684,Jared Gilman,ACTOR
1685,Kara Hayward,ACTOR
1686,Adam McKay,DIRECTOR
1687,Steve Carell,ACTOR
1688,Tetsuya Nakashima,DIRECTOR
1689,Takako Matsu,ACTOR
1690,Yoshino Kimura,ACTOR
1691,Masaki Okada,ACTOR
1692,Jee-woon Kim,DIRECTOR
1693,Lee Byung-Hun,ACTOR
1694,Jeon Gook-Hwan,ACTOR
1695,Barkhad Abdi,ACTOR
1696,Barkhad Abdirahman,ACTOR
1697,Jeong-beom Lee,DIRECTOR
1698,Sae-ron Kim,ACTOR
1699,Tae-hoon Kim,ACTOR
1700,F. Gary Gray,DIRECTOR
1701,O'Shea Jackson Jr.,ACTOR
1702,Corey Hawkins,ACTOR
1703,Jason Mitchell,ACTOR
1704,Hye-ja Kim,ACTOR
1705,Jin Goo,ACTOR
1706,Hong-jin Na,DIRECTOR
1707,Kim Yoon-seok,ACTOR
1708,Yeong-hie Seo,ACTOR
1709,Martin Freeman,ACTOR
1710,Richard Armitage,ACTOR
1711,Christian Friedel,ACTOR
1712,Ernst Jacobi,ACTOR
1713,Leonie Benesch,ACTOR
1714,Niels Arden Oplev,DIRECTOR
1715,Michael Nyqvist,ACTOR
1716,Noomi Rapace,ACTOR
1717,Ewa Fröling,ACTOR
1718,Aaron Sorkin,DIRECTOR
1719,Eddie Redmayne,ACTOR
1720,Alex Sharp,ACTOR
1721,Sacha Baron Cohen,ACTOR
1722,Magnus Millang,ACTOR
1723,David O. Russell,DIRECTOR
1724,Pierre Morel,DIRECTOR
1725,Maggie Grace,ACTOR
1726,Famke Janssen,ACTOR
1727,Mark Herman,DIRECTOR
1728,Asa Butterfield,ACTOR
1729,David Thewlis,ACTOR
1730,Rupert Friend,ACTOR
1731,Glen Hansard,ACTOR
1732,Markéta Irglová,ACTOR
1733,Hugh Walsh,ACTOR
1734,Baki Davrak,ACTOR
1735,Nurgül Yesilçay,ACTOR
1736,Tuncel Kurtiz,ACTOR
1737,Joe Wright,DIRECTOR
1738,James McAvoy,ACTOR
1739,Nicolas Winding Refn,DIRECTOR
1740,Carey Mulligan,ACTOR
1741,Denzel Washington,ACTOR
1742,Zoe Saldana,ACTOR
1743,Jaco Van Dormael,DIRECTOR
1744,Sarah Polley,ACTOR
1745,Gerardo Taracena,ACTOR
1746,Raoul Max Trujillo,ACTOR
1747,Dalia Hernández,ACTOR
1748,Jonathan Dayton,DIRECTOR
1749,Valerie Faris,ACTOR
1750,Tilda Swinton,ACTOR
1751,Yash Chopra,DIRECTOR
1752,Anders Thomas Jensen,DIRECTOR
1753,Nicolas Bro,ACTOR
1754,Matthew Macfadyen,ACTOR
1755,Roger Donaldson,DIRECTOR
1756,Diane Ladd,ACTOR
1757,Iain Rea,ACTOR
1758,Shôgo Furuya,ACTOR
1759,Tôru Emori,ACTOR
1760,Yoshiaki Umegaki,ACTOR
1761,Nathan Fillion,ACTOR
1762,Gina Torres,ACTOR
1763,Reese Witherspoon,ACTOR
1764,Mikael Håfström,DIRECTOR
1765,Andreas Wilson,ACTOR
1766,Henrik Lundström,ACTOR
1767,Gustaf Skarsgård,ACTOR
1768,Nick Cassavetes,DIRECTOR
1769,Gena Rowlands,ACTOR
1770,Rodrigo De la Serna,ACTOR
1771,Mía Maestro,ACTOR
1772,Lukas Moodysson,DIRECTOR
1773,Oksana Akinshina,ACTOR
1774,Artyom Bogucharskiy,ACTOR
1775,Pavel Ponomaryov,ACTOR
1776,Sylvain Chomet,DIRECTOR
1777,Michèle Caucheteux,ACTOR
1778,Jean-Claude Donda,ACTOR
1779,Michel Robin,ACTOR
1780,Lee Yeong-ae,ACTOR
1781,Kevin Reynolds,DIRECTOR
1782,Jim Caviezel,ACTOR
1783,Christopher Adamson,ACTOR
1784,Trevor Jack Brooks,ACTOR
1785,Lorelei Linklater,ACTOR
1786,Boaz Yakin,DIRECTOR
1787,Will Patton,ACTOR
1788,Wood Harris,ACTOR
1789,Yun-Fat Chow,ACTOR
1790,Michelle Yeoh,ACTOR
1791,Ziyi Zhang,ACTOR
1792,Cecilia Roth,ACTOR
1793,Marisa Paredes,ACTOR
1794,Candela Peña,ACTOR
1795,Helen Hunt,ACTOR
1796,Paul Sanchez,ACTOR
1797,Troy Duffy,DIRECTOR
1798,Sean Patrick Flanery,ACTOR
1799,Norman Reedus,ACTOR
1800,Joe Johnston,DIRECTOR
1801,Andrew Adamson,DIRECTOR
1802,Vicky Jenson,ACTOR
1803,Mike Myers,ACTOR
1804,Eddie Murphy,ACTOR
1805,Billy Zane,ACTOR
1806,Takeshi Kitano,DIRECTOR
1807,Takeshi Kitano,ACTOR
1808,Kayoko Kishimoto,ACTOR
1809,Ren Osugi,ACTOR
1810,Andrew Niccol,DIRECTOR
1811,Jude Law,ACTOR
1812,Michael Douglas,ACTOR
1813,Deborah Kara Unger,ACTOR
1814,Emily Watson,ACTOR
1815,Stellan Skarsgård,ACTOR
1816,Katrin Cartlidge,ACTOR
1817,Sarah Jessica Parker,ACTOR
1818,Juliette Lewis,ACTOR
1819,George P. Cosmatos,DIRECTOR
1820,Kevin Jarre,ACTOR
1821,David Mickey Evans,DIRECTOR
1822,Tom Guiry,ACTOR
1823,Mike Vitar,ACTOR
1824,Art LaFleur,ACTOR
1825,James Ivory,DIRECTOR
1826,Emma Thompson,ACTOR
1827,John Haycraft,ACTOR
1828,Lesley Sharp,ACTOR
1829,Andrew Davis,DIRECTOR
1830,Sela Ward,ACTOR
1831,Robert De Niro,DIRECTOR
1832,Lillo Brancato,ACTOR
1833,Kevin Altieri,DIRECTOR
1834,Boyd Kirkland,ACTOR
1835,Frank Paur,ACTOR
1836,Dan Riba,ACTOR
1837,John Woo,DIRECTOR
1838,Teresa Mo,ACTOR
1839,Jim Jarmusch,DIRECTOR
1840,Lisanne Falk,ACTOR
1841,Wladyslaw Kowalski,ACTOR
1842,Halina Gryglaszewska,ACTOR
1843,John Singleton,DIRECTOR
1844,Cuba Gooding Jr.,ACTOR
1845,Hudhail Al-Amir,ACTOR
1846,Kathy Bates,ACTOR
1847,Penny Marshall,DIRECTOR
1848,Julie Kavner,ACTOR
1849,Kirsten Dunst,ACTOR
1850,Minami Takayama,ACTOR
1851,Rei Sakuma,ACTOR
1852,Danny Lee,ACTOR
1853,Sally Yeh,ACTOR
1854,Carl Weathers,ACTOR
1855,Kevin Peter Hall,ACTOR
1856,Sam Raimi,DIRECTOR
1857,Bruce Campbell,ACTOR
1858,Sarah Berry,ACTOR
1859,Dan Hicks,ACTOR
1860,John Hughes,DIRECTOR
1861,Alan Ruck,ACTOR
1862,Mia Sara,ACTOR
1863,Tom Waits,ACTOR
1864,John Lurie,ACTOR
1865,Richard Donner,DIRECTOR
1866,Sean Astin,ACTOR
1867,Josh Brolin,ACTOR
1868,Jeff Cohen,ACTOR
1869,Danny Glover,ACTOR
1870,Whoopi Goldberg,ACTOR
1871,Oprah Winfrey,ACTOR
1872,Emilio Estevez,ACTOR
1873,Judd Nelson,ACTOR
1874,Molly Ringwald,ACTOR
1875,Roland Joffé,DIRECTOR
1876,Sam Waterston,ACTOR
1877,Haing S. Ngor,ACTOR
1878,John Malkovich,ACTOR
1879,Ivan Reitman,DIRECTOR
1880,Philip Kaufman,DIRECTOR
1881,Sam Shepard,ACTOR
1882,Scott Glenn,ACTOR
1883,Jerry Lewis,ACTOR
1884,Diahnne Abbott,ACTOR
1885,Henry Thomas,ACTOR
1886,Drew Barrymore,ACTOR
1887,Peter Coyote,ACTOR
1888,Robert Benton,DIRECTOR
1889,Jane Alexander,ACTOR
1890,Terrence Malick,DIRECTOR
1891,Brooke Adams,ACTOR
1892,Sondra Locke,ACTOR
1893,Chief Dan George,ACTOR
1894,Allen Garfield,ACTOR
1895,René Laloux,DIRECTOR
1896,Barry Bostwick,ACTOR
1897,Jennifer Drake,ACTOR
1898,Eric Baugin,ACTOR
1899,Edward Fox,ACTOR
1900,Terence Alexander,ACTOR
1901,Michel Auclair,ACTOR
1902,Liza Minnelli,ACTOR
1903,Michael York,ACTOR
1904,Helmut Griem,ACTOR
1905,Mel Stuart,DIRECTOR
1906,Jack Albertson,ACTOR
1907,Peter Ostrum,ACTOR
1908,John Schlesinger,DIRECTOR
1909,Jon Voight,ACTOR
1910,Sylvia Miles,ACTOR
1911,Terence Young,DIRECTOR
1912,Alan Arkin,ACTOR
1913,Richard Crenna,ACTOR
1914,Arthur Penn,DIRECTOR
1915,Warren Beatty,ACTOR
1916,Michael J. Pollard,ACTOR
1917,Rex Harrison,ACTOR
1918,Robert Stevenson,DIRECTOR
1919,Dick Van Dyke,ACTOR
1920,David Tomlinson,ACTOR
1921,Ken Annakin,DIRECTOR
1922,Andrew Marton,ACTOR
1923,Gerd Oswald,ACTOR
1924,Bernhard Wicki,ACTOR
1925,Jeanne Moreau,ACTOR
1926,Oskar Werner,ACTOR
1927,Henri Serre,ACTOR
1928,Jack Clayton,DIRECTOR
1929,Deborah Kerr,ACTOR
1930,Peter Wyngarde,ACTOR
1931,Megs Jenkins,ACTOR
1932,Jean-Paul Belmondo,ACTOR
1933,Jean Seberg,ACTOR
1934,Daniel Boulanger,ACTOR
1935,Arthur Rosson,ACTOR
1936,Montgomery Clift,ACTOR
1937,Walter Brennan,ACTOR
1938,Teresa Wright,ACTOR
1939,Macdonald Carey,ACTOR
1940,Claire Trevor,ACTOR
1941,Andy Devine,ACTOR
1942,Margaret Lockwood,ACTOR
1943,Michael Redgrave,ACTOR
1944,Paul Lukas,ACTOR
1945,Charles Ruggles,ACTOR
1946,James Whale,DIRECTOR
1947,Boris Karloff,ACTOR
1948,Elsa Lanchester,ACTOR
1949,Colin Clive,ACTOR
1950,Leo McCarey,DIRECTOR
1951,Harpo Marx,ACTOR
1952,Richard Rosson,ACTOR
1953,Paul Muni,ACTOR
1954,Ann Dvorak,ACTOR
1955,Mae Clarke,ACTOR
1956,Yalitza Aparicio,ACTOR
1957,Marina de Tavira,ACTOR
1958,Diego Cortina Autrey,ACTOR
1959,Francis Lee,DIRECTOR
1960,Josh O'Connor,ACTOR
1961,Alec Secareanu,ACTOR
1962,Gemma Jones,ACTOR
1963,David Leitch,DIRECTOR
1964,Taylor Sheridan,DIRECTOR
1965,Kelsey Asbille,ACTOR
1966,Julia Jones,ACTOR
1967,Jordan Peele,DIRECTOR
1968,Daniel Kaluuya,ACTOR
1969,Allison Williams,ACTOR
1970,Bradley Whitford,ACTOR
1971,Christopher McQuarrie,DIRECTOR
1972,Henry Cavill,ACTOR
1973,Ving Rhames,ACTOR
1974,Hannes Holm,DIRECTOR
1975,Rolf Lassgård,ACTOR
1976,Bahar Pars,ACTOR
1977,Filip Berg,ACTOR
1978,Jemaine Clement,DIRECTOR
1979,Taika Waititi,ACTOR
1980,Jemaine Clement,ACTOR
1981,James Simone,DIRECTOR
1982,Hiromasa Yonebayashi,ACTOR
1983,Sara Takatsuki,ACTOR
1984,Kasumi Arimura,ACTOR
1985,James Marsh,DIRECTOR
1986,Tom Prior,ACTOR
1987,Matthew Vaughn,DIRECTOR
1988,Taron Egerton,ACTOR
1989,Josh Boone,DIRECTOR
1990,Shailene Woodley,ACTOR
1991,Ansel Elgort,ACTOR
1992,Nat Wolff,ACTOR
1993,Alfonso Gomez-Rejon,DIRECTOR
1994,Thomas Mann,ACTOR
1995,RJ Cyler,ACTOR
1996,Zach Galifianakis,ACTOR
1997,Abdellatif Kechiche,DIRECTOR
1998,Léa Seydoux,ACTOR
1999,Adèle Exarchopoulos,ACTOR
2000,Salim Kechiouche,ACTOR
2001,Abhishek Kapoor,DIRECTOR
2002,Amit Sadh,ACTOR
2003,Felix van Groeningen,DIRECTOR
2004,Veerle Baetens,ACTOR
2005,Johan Heldenbergh,ACTOR
2006,Nell Cattrysse,ACTOR
2007,Nargis Fakhri,ACTOR
2008,Shammi Kapoor,ACTOR
2009,Alexander Payne,DIRECTOR
2010,Bruce Dern,ACTOR
2011,Will Forte,ACTOR
2012,June Squibb,ACTOR
2013,Rich Moore,DIRECTOR
2014,John C. Reilly,ACTOR
2015,Jack McBrayer,ACTOR
2016,Jane Lynch,ACTOR
2017,Mark Osborne,DIRECTOR
2018,Mackenzie Foy,ACTOR
2019,Christina Hendricks,ACTOR
2020,Marcia Gay Harden,ACTOR
2021,Christopher Miller,DIRECTOR
2022,Phil Lord,ACTOR
2023,Will Ferrell,ACTOR
2024,Sandra Bullock,ACTOR
2025,Cary Joji Fukunaga,DIRECTOR
2026,Abraham Attah,ACTOR
2027,Emmanuel Affadzi,ACTOR
2028,Ricky Adelayitor,ACTOR
2029,Jesse Eisenberg,ACTOR
2030,Justin Timberlake,ACTOR
2031,Jennifer Lawrence,ACTOR
2032,Justin Bartha,ACTOR
2033,Naomie Harris,ACTOR
2034,Ben Affleck,DIRECTOR
2035,Marc Webb,DIRECTOR
2036,Zooey Deschanel,ACTOR
2037,Geoffrey Arend,ACTOR
2038,Frank Langella,ACTOR
2039,Michael Sheen,ACTOR
2040,Katsunosuke Hori,ACTOR
2041,Angelina Jolie,ACTOR
2042,Colm Feore,ACTOR
2043,Amy Ryan,ACTOR
2044,Madeline Carroll,ACTOR
2045,Callan McAuliffe,ACTOR
2046,Rebecca De Mornay,ACTOR
2047,Riisa Naka,ACTOR
2048,Takuya Ishida,ACTOR
2049,Mitsutaka Itakura,ACTOR
2050,Shûsuke Kaneko,DIRECTOR
2051,Tatsuya Fujiwara,ACTOR
2052,Ken'ichi Matsuyama,ACTOR
2053,Asaka Seto,ACTOR
2054,Shane Meadows,DIRECTOR
2055,Thomas Turgoose,ACTOR
2056,Stephen Graham,ACTOR
2057,Jo Hartley,ACTOR
2058,Alex Garland,DIRECTOR
2059,Alicia Vikander,ACTOR
2060,Susanne Bier,DIRECTOR
2061,Sidse Babett Knudsen,ACTOR
2062,Kevin Macdonald,DIRECTOR
2063,Gillian Anderson,ACTOR
2064,Paul McGuigan,DIRECTOR
2065,Josh Hartnett,ACTOR
2066,Christian Carion,DIRECTOR
2067,Benno Fürmann,ACTOR
2068,Guillaume Canet,ACTOR
2069,Anton Corbijn,DIRECTOR
2070,Sam Riley,ACTOR
2071,Samantha Morton,ACTOR
2072,Craig Parkinson,ACTOR
2073,Nathan Greno,DIRECTOR
2074,Byron Howard,ACTOR
2075,Mandy Moore,ACTOR
2076,Zachary Levi,ACTOR
2077,Paul Verhoeven,DIRECTOR
2078,Carice van Houten,ACTOR
2079,Thom Hoffman,ACTOR
2080,Ben Foster,ACTOR
2081,Paul Haggis,DIRECTOR
2082,Stephen Chow,DIRECTOR
2083,Stephen Chow,ACTOR
2084,Wah Yuen,ACTOR
2085,Qiu Yuen,ACTOR
2086,Brad Anderson,DIRECTOR
2087,Aitana Sánchez-Gijón,ACTOR
2088,Regina King,ACTOR
2089,Kerry Washington,ACTOR
2090,Sofia Coppola,DIRECTOR
2091,Giovanni Ribisi,ACTOR
2092,Mike Newell,DIRECTOR
2093,Dakota Fanning,ACTOR
2094,Teri Hatcher,ACTOR
2095,John Hodgman,ACTOR
2096,Billy Connolly,ACTOR
2097,Peter Mullan,DIRECTOR
2098,Eileen Walsh,ACTOR
2099,Dorothy Duffy,ACTOR
2100,Nora-Jane Noone,ACTOR
2101,Wolfgang Becker,DIRECTOR
2102,Katrin Saß,ACTOR
2103,Chulpan Khamatova,ACTOR
2104,Paddy Considine,ACTOR
2105,Jessie Nelson,DIRECTOR
2106,Nicolas Cage,ACTOR
2107,Tyler Hoechlin,ACTOR
2108,Rob Maxey,ACTOR
2109,Moritz Bleibtreu,ACTOR
2110,Christian Berkel,ACTOR
2111,Oliver Stokowski,ACTOR
2112,Stephen Daldry,DIRECTOR
2113,Jamie Bell,ACTOR
2114,Julie Walters,ACTOR
2115,Jean Heywood,ACTOR
2116,John Cameron Mitchell,DIRECTOR
2117,John Cameron Mitchell,ACTOR
2118,Miriam Shor,ACTOR
2119,Stephen Trask,ACTOR
2120,Steven Soderbergh,DIRECTOR
2121,Julia Roberts,ACTOR
2122,Andrew Philpot,ACTOR
2123,John Rafter Lee,ACTOR
2124,Pamela Adlon,ACTOR
2125,John Turturro,ACTOR
2126,Bob Gale,DIRECTOR
2127,James Marsden,ACTOR
2128,Trey Parker,DIRECTOR
2129,Trey Parker,ACTOR
2130,Matt Stone,ACTOR
2131,Mary Kay Bergman,ACTOR
2132,Mike Judge,DIRECTOR
2133,Ron Livingston,ACTOR
2134,David Herman,ACTOR
2135,Todd Solondz,DIRECTOR
2136,Jane Adams,ACTOR
2137,Jon Lovitz,ACTOR
2138,Antoine Fuqua,DIRECTOR
2139,Olivia Williams,ACTOR
2140,Eduardo Noriega,ACTOR
2141,Penélope Cruz,ACTOR
2142,Chete Lera,ACTOR
2143,John Cusack,ACTOR
2144,Cameron Diaz,ACTOR
2145,James L. Brooks,DIRECTOR
2146,Greg Kinnear,ACTOR
2147,Milla Jovovich,ACTOR
2148,Francis Veber,DIRECTOR
2149,Thierry Lhermitte,ACTOR
2150,Jacques Villeret,ACTOR
2151,Francis Huster,ACTOR
2152,Scott Hicks,DIRECTOR
2153,Armin Mueller-Stahl,ACTOR
2154,Justin Braine,ACTOR
2155,Gregory Hoblit,DIRECTOR
2156,Kenneth Branagh,DIRECTOR
2157,Kenneth Branagh,ACTOR
2158,Derek Jacobi,ACTOR
2159,Liesel Matthews,ACTOR
2160,Eleanor Bron,ACTOR
2161,Liam Cunningham,ACTOR
2162,Leon Lai,ACTOR
2163,Michelle Reis,ACTOR
2164,Michael Radford,DIRECTOR
2165,Massimo Troisi,ACTOR
2166,Kevin Smith,DIRECTOR
2167,Brian O'Halloran,ACTOR
2168,Jeff Anderson,ACTOR
2169,Marilyn Ghigliotti,ACTOR
2170,Robert Altman,DIRECTOR
2171,Roberta Maxwell,ACTOR
2172,Brian Henson,DIRECTOR
2173,Kermit the Frog,ACTOR
2174,Dave Goelz,ACTOR
2175,Angela Bassett,ACTOR
2176,Delroy Lindo,ACTOR
2177,Russell Means,ACTOR
2178,Shûichirô Moriyama,ACTOR
2179,Tokiko Katô,ACTOR
2180,Bunshi Katsura Vi,ACTOR
2181,James Foley,DIRECTOR
2182,Alec Baldwin,ACTOR
2183,Demi Moore,ACTOR
2184,Jon Avnet,DIRECTOR
2185,Jessica Tandy,ACTOR
2186,Mary Stuart Masterson,ACTOR
2187,Bob Hoskins,ACTOR
2188,Joanna Cassidy,ACTOR
2189,George Sluizer,DIRECTOR
2190,Bernard-Pierre Donnadieu,ACTOR
2191,Gene Bervoets,ACTOR
2192,Johanna ter Steege,ACTOR
2193,Bruce Robinson,DIRECTOR
2194,Richard E. Grant,ACTOR
2195,Paul McGann,ACTOR
2196,Richard Griffiths,ACTOR
2197,John Lone,ACTOR
2198,Joan Chen,ACTOR
2199,Miranda Richardson,ACTOR
2200,Jean-Jacques Annaud,DIRECTOR
2201,Helmut Qualtinger,ACTOR
2202,Isabella Rossellini,ACTOR
2203,Kyle MacLachlan,ACTOR
2204,Jeff Daniels,ACTOR
2205,Griffin Dunne,ACTOR
2206,Rosanna Arquette,ACTOR
2207,Verna Bloom,ACTOR
2208,Patrick Horgan,ACTOR
2209,Charlotte Rampling,ACTOR
2210,Nicholas Meyer,DIRECTOR
2211,William Shatner,ACTOR
2212,Leonard Nimoy,ACTOR
2213,DeForest Kelley,ACTOR
2214,Ted Kotcheff,DIRECTOR
2215,Brian Dennehy,ACTOR
2216,Robert Redford,DIRECTOR
2217,Donald Sutherland,ACTOR
2218,Mary Tyler Moore,ACTOR
2219,Judd Hirsch,ACTOR
2220,Jim Abrahams,DIRECTOR
2221,David Zucker,ACTOR
2222,Jerry Zucker,ACTOR
2223,Robert Hays,ACTOR
2224,Yasuo Yamada,ACTOR
2225,Eiko Masuyama,ACTOR
2226,Kiyoshi Kobayashi,ACTOR
2227,Donald Pleasence,ACTOR
2228,Jamie Lee Curtis,ACTOR
2229,Tony Moran,ACTOR
2230,Roman Polanski,ACTOR
2231,Isabelle Adjani,ACTOR
2232,Georges Adet,ACTOR
2233,Joseph Sargent,DIRECTOR
2234,Cleavon Little,ACTOR
2235,Slim Pickens,ACTOR
2236,John Randolph,ACTOR
2237,Jack Kehoe,ACTOR
2238,Robert Clouse,DIRECTOR
2239,Bruce Lee,ACTOR
2240,John Saxon,ACTOR
2241,Jim Kelly,ACTOR
2242,John Boorman,DIRECTOR
2243,Ned Beatty,ACTOR
2244,Don Siegel,DIRECTOR
2245,Andrew Robinson,ACTOR
2246,Harry Guardino,ACTOR
2247,Brian G. Hutton,DIRECTOR
2248,Mary Ure,ACTOR
2249,Gene Saks,DIRECTOR
2250,John Fiedler,ACTOR
2251,Lee Marvin,ACTOR
2252,Jean Sorel,ACTOR
2253,Michel Piccoli,ACTOR
2254,Paul Scofield,ACTOR
2255,Wendy Hiller,ACTOR
2256,Ian Hendry,ACTOR
2257,John Fraser,ACTOR
2258,Cy Endfield,DIRECTOR
2259,Stanley Baker,ACTOR
2260,Ulla Jacobsson,ACTOR
2261,Guy Hamilton,DIRECTOR
2262,Gert Fröbe,ACTOR
2263,Honor Blackman,ACTOR
2264,Rod Taylor,ACTOR
2265,Tippi Hedren,ACTOR
2266,J. Lee Thompson,DIRECTOR
2267,Polly Bergen,ACTOR
2268,Karlheinz Böhm,ACTOR
2269,Anna Massey,ACTOR
2270,Moira Shearer,ACTOR
2271,Georges Franju,DIRECTOR
2272,Pierre Brasseur,ACTOR
2273,Juliette Mayniel,ACTOR
2274,Kevin McCarthy,ACTOR
2275,Dana Wynter,ACTOR
2276,Larry Gates,ACTOR
2277,Natalie Wood,ACTOR
2278,Sal Mineo,ACTOR
2279,Cecil Parker,ACTOR
2280,Barry Fitzgerald,ACTOR
2281,Michael Rennie,ACTOR
2282,Patricia Neal,ACTOR
2283,Hugh Marlowe,ACTOR
2284,Robert Morley,ACTOR
2285,Charles Vidor,DIRECTOR
2286,Rita Hayworth,ACTOR
2287,Glenn Ford,ACTOR
2288,George Macready,ACTOR
2289,James Algar,DIRECTOR
2290,Samuel Armstrong,ACTOR
2291,Ford Beebe Jr.,ACTOR
2292,Norman Ferguson,ACTOR
2293,Gloria Stuart,ACTOR
2294,William Harrigan,ACTOR
2295,Todd Haynes,DIRECTOR
2296,Aneesh Chaganty,DIRECTOR
2297,John Cho,ACTOR
2298,Debra Messing,ACTOR
2299,Joseph Lee,ACTOR
2300,Maryana Spivak,ACTOR
2301,Aleksey Rozin,ACTOR
2302,Matvey Novikov,ACTOR
2303,Sean Baker,DIRECTOR
2304,Brooklynn Prince,ACTOR
2305,Bria Vinaite,ACTOR
2306,Michael B. Jordan,ACTOR
2307,Mckenna Grace,ACTOR
2308,Lindsay Duncan,ACTOR
2309,Tyler Nilson,DIRECTOR
2310,Michael Schwartz,ACTOR
2311,Zack Gottsagen,ACTOR
2312,Ann Owens,ACTOR
2313,Sebastian Schipper,DIRECTOR
2314,Laia Costa,ACTOR
2315,Frederick Lau,ACTOR
2316,Franz Rogowski,ACTOR
2317,Deniz Gamze Ergüven,DIRECTOR
2318,Günes Sensoy,ACTOR
2319,Doga Zeynep Doguslu,ACTOR
2320,Tugba Sunguroglu,ACTOR
2321,Dave Bautista,ACTOR
2322,Jon Hamm,ACTOR
2323,Joseph Kosinski,DIRECTOR
2324,Alan Alda,ACTOR
2325,Sarah Vowell,ACTOR
2326,Don Hall,ACTOR
2327,Ryan Coogler,DIRECTOR
2328,Tessa Thompson,ACTOR
2329,Aleksey Serebryakov,ACTOR
2330,Elena Lyadova,ACTOR
2331,Roman Madyanov,ACTOR
2332,David Mackenzie,DIRECTOR
2333,Stephen Frears,DIRECTOR
2334,Steve Coogan,ACTOR
2335,Sophie Kennedy Clark,ACTOR
2336,Matt Reeves,DIRECTOR
2337,Keri Russell,ACTOR
2338,Andy Serkis,ACTOR
2339,Hugo Silva,ACTOR
2340,Ananda George,ACTOR
2341,Ray Sahetapy,ACTOR
2342,David Ayer,DIRECTOR
2343,Michael Peña,ACTOR
2344,Anna Kendrick,ACTOR
2345,Hiromasa Yonebayashi,DIRECTOR
2346,Mirai Shida,ACTOR
2347,Bradley Cooper,DIRECTOR
2348,Lady Gaga,ACTOR
2349,Sam Elliott,ACTOR
2350,Mikael Persbrandt,ACTOR
2351,Trine Dyrholm,ACTOR
2352,Markus Rygaard,ACTOR
2353,Pierre Coffin,DIRECTOR
2354,Chris Renaud,ACTOR
2355,Jason Segel,ACTOR
2356,Jonathan Levine,DIRECTOR
2357,Seth Rogen,ACTOR
2358,Aaron Taylor-Johnson,ACTOR
2359,Daniel Monzón,DIRECTOR
2360,Luis Tosar,ACTOR
2361,Alberto Ammann,ACTOR
2362,Antonio Resines,ACTOR
2363,Bennett Miller,DIRECTOR
2364,Antonio Banderas,ACTOR
2365,Elena Anaya,ACTOR
2366,Jan Cornet,ACTOR
2367,Ruben Fleischer,DIRECTOR
2368,Dennis Gansel,DIRECTOR
2369,Jürgen Vogel,ACTOR
2370,Max Riemelt,ACTOR
2371,John Lee Hancock,DIRECTOR
2372,Quinton Aaron,ACTOR
2373,Tim McGraw,ACTOR
2374,Richard Jenkins,ACTOR
2375,Haaz Sleiman,ACTOR
2376,Danai Gurira,ACTOR
2377,Rosario Dawson,ACTOR
2378,David Cronenberg,DIRECTOR
2379,Charlie Cox,ACTOR
2380,Claire Danes,ACTOR
2381,Sienna Miller,ACTOR
2382,Nora Twomey,ACTOR
2383,Evan McGuire,ACTOR
2384,Olivier Dahan,DIRECTOR
2385,Marion Cotillard,ACTOR
2386,Sylvie Testud,ACTOR
2387,Pascal Greggory,ACTOR
2388,Ronny Yu,DIRECTOR
2389,Li Sun,ACTOR
2390,Yong Dong,ACTOR
2391,Neil Burger,DIRECTOR
2392,Jessica Biel,ACTOR
2393,Paul Giamatti,ACTOR
2394,Gary Stretch,ACTOR
2395,Toby Kebbell,ACTOR
2396,Zack Snyder,DIRECTOR
2397,Lena Headey,ACTOR
2398,David Wenham,ACTOR
2399,Jonathan Rhys Meyers,ACTOR
2400,Jackie Earle Haley,ACTOR
2401,Patrick Wilson,ACTOR
2402,Carla Gugino,ACTOR
2403,James Wan,DIRECTOR
2404,Leigh Whannell,ACTOR
2405,Charlie Kaufman,DIRECTOR
2406,Gregg Araki,DIRECTOR
2407,Brady Corbet,ACTOR
2408,Elisabeth Shue,ACTOR
2409,Yann Samuell,DIRECTOR
2410,Thibault Verhaeghe,ACTOR
2411,Gaspard Ulliel,ACTOR
2412,Peter Dinklage,ACTOR
2413,Patricia Clarkson,ACTOR
2414,Bobby Cannavale,ACTOR
2415,Shin Ha-kyun,ACTOR
2416,Bae Doona,ACTOR
2417,Marc Forster,DIRECTOR
2418,Barry Pepper,ACTOR
2419,Eric Bress,DIRECTOR
2420,J. Mackye Gruber,ACTOR
2421,Ashton Kutcher,ACTOR
2422,Amy Smart,ACTOR
2423,Cillian Murphy,ACTOR
2424,Christopher Eccleston,ACTOR
2425,Kinji Fukasaku,DIRECTOR
2426,Aki Maeda,ACTOR
2427,Tarô Yamamoto,ACTOR
2428,Anjelica Huston,ACTOR
2429,Maribel Verdú,ACTOR
2430,Daniel Giménez Cacho,ACTOR
2431,Chris Columbus,DIRECTOR
2432,Richard Harris,ACTOR
2433,Fionnula Flanagan,ACTOR
2434,Ted Demme,DIRECTOR
2435,Joseph Fiennes,ACTOR
2436,Vicellous Shannon,ACTOR
2437,Mary Harron,DIRECTOR
2438,Josh Lucas,ACTOR
2439,Tom Tykwer,DIRECTOR
2440,Herbert Knaup,ACTOR
2441,Tony Bancroft,DIRECTOR
2442,Barry Cook,ACTOR
2443,Ming-Na Wen,ACTOR
2444,Tobey Maguire,ACTOR
2445,Susanne Lothar,ACTOR
2446,Arno Frisch,ACTOR
2447,Alex Proyas,DIRECTOR
2448,Rufus Sewell,ACTOR
2449,Kiefer Sutherland,ACTOR
2450,Bill Pullman,ACTOR
2451,John Roselius,ACTOR
2452,James Fleet,ACTOR
2453,Gary Farmer,ACTOR
2454,Crispin Glover,ACTOR
2455,Annie Corley,ACTOR
2456,Janusz Gajos,ACTOR
2457,Joel Schumacher,DIRECTOR
2458,Barbara Hershey,ACTOR
2459,Jason London,ACTOR
2460,Wiley Wiggins,ACTOR
2461,Jonathan Lynn,DIRECTOR
2462,Ralph Macchio,ACTOR
2463,Miki Imai,ACTOR
2464,Toshirô Yanagiba,ACTOR
2465,Marc Caro,DIRECTOR
2466,Jean-Pierre Jeunet,ACTOR
2467,Marie-Laure Dougnac,ACTOR
2468,Dominique Pinon,ACTOR
2469,Macaulay Culkin,ACTOR
2470,Daniel Stern,ACTOR
2471,Andy Garcia,ACTOR
2472,Meg Ryan,ACTOR
2473,Jodi Benson,ACTOR
2474,Samuel E. Wright,ACTOR
2475,David Zucker,DIRECTOR
2476,Leslie Nielsen,ACTOR
2477,Priscilla Presley,ACTOR
2478,O.J. Simpson,ACTOR
2479,Steve Martin,ACTOR
2480,John Candy,ACTOR
2481,Laila Robins,ACTOR
2482,Gary Busey,ACTOR
2483,John Getz,ACTOR
2484,Mark Rydell,DIRECTOR
2485,Jane Fonda,ACTOR
2486,Bruce Spence,ACTOR
2487,Michael Preston,ACTOR
2488,Walter Hill,DIRECTOR
2489,Michael Beck,ACTOR
2490,James Remar,ACTOR
2491,Dorsey Wright,ACTOR
2492,James Frawley,DIRECTOR
2493,Jim Henson,ACTOR
2494,Frank Oz,ACTOR
2495,Jerry Nelson,ACTOR
2496,Roberts Blossom,ACTOR
2497,Martin Rosen,DIRECTOR
2498,John Hubley,ACTOR
2499,Richard Briers,ACTOR
2500,Brad Davis,ACTOR
2501,Irene Miracle,ACTOR
2502,Bo Hopkins,ACTOR
2503,François Truffaut,ACTOR
2504,Teri Garr,ACTOR
2505,Elliott Gould,ACTOR
2506,Nina van Pallandt,ACTOR
2507,James Coburn,ACTOR
2508,Romolo Valli,ACTOR
2509,Telly Savalas,ACTOR
2510,Wolfgang Reitherman,DIRECTOR
2511,Phil Harris,ACTOR
2512,Sebastian Cabot,ACTOR
2513,Louis Prima,ACTOR
2514,David Hemmings,ACTOR
2515,Vanessa Redgrave,ACTOR
2516,Sarah Miles,ACTOR
2517,Richard Lester,DIRECTOR
2518,John Lennon,ACTOR
2519,Paul McCartney,ACTOR
2520,George Harrison,ACTOR
2521,Blake Edwards,DIRECTOR
2522,George Peppard,ACTOR
2523,George Stevens,DIRECTOR
2524,Rock Hudson,ACTOR
2525,Tallulah Bankhead,ACTOR
2526,John Hodiak,ACTOR
2527,Walter Slezak,ACTOR
2528,Robert Donat,ACTOR
2529,Madeleine Carroll,ACTOR
2530,Lucie Mannheim,ACTOR
